OBJECTID,River,RiverSeg,Year,AMEL,BDDR,BESN,BGLE,BGOS,BGWM,BHCP,BHMW,BKBF,BKBH,BKCP,BKSB,BKSS,BLCF,BLGL,BMBF,BNBH,BNDR,BNMW,BPTM,BRBT,BSDR,BSMW,BTSN,BTTM,BUSK,BWFN,CARP,CCGF,CLDR,CLSR,CMMW,CMSN,CNCF,CNLP,CNSN,DYDR,ERSN,FHCF,FHMW,FKMT,FTDR,FWDM,GDEY,GDFH,GDRH,GDSN,GNSF,GSBG,GSCP,GSOS,GSPK,GSPS,GSRS,GSWM,GZSD,HFCS,HHCB,IDSS,IODR,JYDR,LESF,LGPH,LKSG,LMBS,LNGR,MDDR,MMSN,MNEY,MQTF,MSKG,NHSK,NTPK,OSSF,OTDR,PDFH,PDSN,PGMW,PNMW,PNSD,PRPH,PSBG,PSOS,PSWM,QLBK,RDSN,RESF,RKBS,RRDR,RSSF,RVCS,RVRH,RVSN,SBSN,SBWB,SCBC,SDBS,SFSN,SGER,SGWE,SHDR,SHRH,SJHR,SKCB,SMBF,SMBS,SMMW,SNGR,SNSG,SNSN,SPMT,SPSK,SPSN,STBS,STCT,STGR,STSN,SVCB,SVCP,SVLP,SVMW,SVRH,TFSD,TPMT,TTPH,WDSN,WLYE,WPYB,WRMH,WSDR,WTBS,WTCP,WTPH,WTSK,YLBH,YWBS,YWPH
1,Mississippi,Open River,1993,0,0,0,0,0,0,0,0,0.266666667000000,0,0.333333333000000,0,0,0,0.466666667000000,0.666666667000000,0,0,0,0,0,0,0,0.066666667000000,0,0,0,1.733333333000000,0,0,0,0,0,0.800000000000000,0.066666667000000,0,0,2.466666667000000,0.333333333000000,0,0,0,8.933333333000000,2.600000000000000,0,0,0,6.200000000000000,0,0,0,0,0,0,0,273.333333299999990,0,0,0,0,0,0,0,0,0,0.266666667000000,0,0,0.266666667000000,0.066666667000000,0,0,0,0.066666667000000,0,0,0,0,0,0,0,0,0,0,0,2.200000000000000,0,0,0,0,0.866666667000000,0,0,0,0,0,0,0.066666667000000,0.133333333000000,0,0,0,0.066666667000000,0,1.066666667000000,0,0,0.066666667000000,0,0,0,0,0,0,0,0,0,1.133333333000000,0,0,0,0,1.533333333000000,0,0,0,0,0,0,0,5.466666667000000,0.266666667000000,0,0,0,0.066666667000000,0
2,Mississippi,Open River,1994,0,0,0,0,0,0,0,0,0.200000000000000,0,0.075000000000000,0,0,1,2.625000000000000,1.575000000000000,0,0,0,0,0,0,0,0.050000000000000,0,0,0,7.075000000000000,0,0,0,0,0,1.725000000000000,0.125000000000000,0,0,6.000000000000000,1.325000000000000,0,0,0,2.550000000000000,0.100000000000000,0,0,0,0.125000000000000,0,0,0,0,0,0,0,31.050000000000001,0,0,0,0,0,0,0,0,0,0.225000000000000,0,0,0.000000000000000,0.000000000000000,0,0,0,0.225000000000000,0,0,0,0,0,0,0,0,0,0,0,1.250000000000000,0,0,0,0,1.275000000000000,0,2,0,0,0,0,0.000000000000000,0.100000000000000,0,0,0,0.275000000000000,0,1.275000000000000,0,0,0.950000000000000,0,0,0,0,0,0,0,0,0,0.175000000000000,0,0,0,0,0.325000000000000,0,0,0,0,0,0,0,2.050000000000000,0.200000000000000,0,0,0,0.050000000000000,0
3,Mississippi,Open River,1995,0,0,0,0,0,0,0,0,0.184210526000000,0,0.342105263000000,0,0,0,1.210526316000000,0.921052632000000,0,0,0,0,0,0,0,0.000000000000000,0,0,0,6.157894737000000,0,0,0,0,0,1.552631579000000,0.052631579000000,0,0,1.736842105000000,1.342105263000000,0,0,0,1.500000000000000,13.894736840000000,0,0,0,0.131578947000000,0,0,0,0,0,0,0,88.894736839999993,0,0,0,0,0,0,0,0,0,0.052631579000000,0,0,0.131578947000000,0.000000000000000,0,0,0,0.052631579000000,0,0,0,0,0,0,0,0,0,0,0,2.368421053000000,0,0,0,0,0.736842105000000,0,0,1,0,0,0,0.052631579000000,0.289473684000000,0,0,0,0.131578947000000,0,1.421052632000000,0,0,0.684210526000000,0,0,0,0,0,1,0,0,0,0.105263158000000,0,0,0,0,0.105263158000000,0,0,0,0,0,0,0,2.578947368000000,0.236842105000000,0,0,0,0.026315790000000,0
4,Mississippi,Open River,1996,0,0,0,0,0,0,0,0,0.142857143000000,0,0.285714286000000,0,0,0,0.918367347000000,0.224489796000000,0,0,0,0,0,0,0,0.000000000000000,0,0,0,7.693877551000000,0,0,0,0,0,2.469387755000000,0.061224490000000,0,0,0.428571429000000,1.244897959000000,0,0,0,3.938775510000000,3.979591837000000,0,0,0,0.061224490000000,0,0,0,0,0,0,0,37.040816329999998,0,0,0,0,0,0,0,0,0,0.122448980000000,0,0,0.000000000000000,0.000000000000000,0,0,0,0.040816327000000,0,0,0,0,0,0,0,0,0,0,0,2.387755102000000,0,0,0,0,0.938775510000000,0,0,0,0,0,0,0.000000000000000,0.204081633000000,0,0,0,0.142857143000000,0,1.938775510000000,0,0,0.571428571000000,0,0,0,0,0,0,0,0,0,0.142857143000000,0,0,0,0,0.081632653000000,0,0,0,0,0,0,0,3.265306122000000,0.408163265000000,0,0,0,0.000000000000000,0
5,Mississippi,Open River,1997,0,0,0,0,0,0,0,0,0.358490566000000,0,0.301886793000000,0,0,0,0.773584906000000,0.415094340000000,0,0,0,0,0,0,0,0.000000000000000,0,0,0,6.113207547000000,0,0,0,0,0,2.301886793000000,0.037735849000000,0,0,4.415094340000000,0.886792453000000,0,0,0,4.150943396000000,0.471698113000000,0,0,0,0.056603774000000,0,0,0,0,0,0,0,28.169811320000001,0,0,0,0,0,0,0,0,0,0.018867925000000,0,0,0.075471698000000,0.000000000000000,0,0,0,0.169811321000000,0,0,0,0,0,0,0,0,0,0,0,2.075471698000000,0,0,0,0,1.037735849000000,0,0,0,0,0,0,0.000000000000000,0.075471698000000,0,0,0,0.188679245000000,0,1.188679245000000,0,0,1.509433962000000,0,0,0,0,0,0,0,0,0,0.000000000000000,0,0,0,0,0.000000000000000,0,0,0,0,0,0,0,1.622641509000000,0.094339623000000,0,0,0,0.000000000000000,0
6,Mississippi,Open River,1998,0,0,0,0,0,0,0,0,0.142857143000000,0,0.114285714000000,0,1,0,2.714285714000000,0.171428571000000,0,0,0,0,0,0,0,0.257142857000000,1,0,0,2.657142857000000,0,0,0,0,0,3.085714286000000,0.142857143000000,3,0,13.457142859999999,0.857142857000000,0,0,0,4.371428571000000,1.685714286000000,0,0,0,0.457142857000000,0,0,0,0,0,0,0,81.485714290000004,0,0,0,0,0,0,0,0,0,0.285714286000000,0,0,0.000000000000000,1.514285714000000,0,0,0,1.342857143000000,0,0,0,0,0,0,0,0,0,0,0,15.285714290000000,0,0,0,0,0.400000000000000,0,0,0,0,0,0,0.028571429000000,0.228571429000000,0,0,0,0.142857143000000,0,0.828571429000000,0,0,2.657142857000000,0,0,0,0,0,0,0,0,0,0.085714286000000,0,0,0,0,0.971428571000000,0,0,0,0,0,0,0,2.600000000000000,0.000000000000000,0,0,0,0.000000000000000,0
7,Mississippi,Open River,1999,0,0,0,0,0,0,0,0,0.173913044000000,0,0.021739130000000,0,0,0,0.717391304000000,0.282608696000000,0,0,0,0,0,0,0,0.000000000000000,0,0,0,4.000000000000000,0,0,0,0,0,3.239130435000000,0.065217391000000,2,0,2.913043478000000,1.173913044000000,0,0,0,4.478260870000000,14.391304350000000,0,0,0,0.086956522000000,0,0,0,0,0,0,0,86.739130439999997,0,0,0,0,0,0,0,0,0,0.086956522000000,0,0,0.978260870000000,0.543478261000000,0,0,0,0.239130435000000,0,0,0,0,0,0,0,0,0,0,0,5.565217391000000,0,0,0,0,0.391304348000000,0,0,1,0,0,0,0.000000000000000,0.456521739000000,0,0,0,0.934782609000000,0,0.782608696000000,0,0,1.369565217000000,0,0,0,0,0,0,0,0,0,0.152173913000000,0,0,0,0,0.152173913000000,0,0,0,0,0,0,0,1.086956522000000,0.130434783000000,0,0,0,0.000000000000000,0
8,Mississippi,Open River,2000,0,0,0,0,0,0,0,0,0.320000000000000,0,0.000000000000000,0,1,0,0.320000000000000,0.420000000000000,0,0,0,0,0,0,0,0.100000000000000,0,0,0,3.720000000000000,0,0,0,0,0,1.460000000000000,0.040000000000000,2,0,14.580000000000000,0.380000000000000,0,0,0,3.460000000000000,0.520000000000000,0,0,0,0.200000000000000,0,0,0,0,0,0,0,54.060000000000002,0,0,0,0,0,0,0,0,0,0.020000000000000,0,0,0.000000000000000,0.020000000000000,0,0,0,0.700000000000000,0,0,0,0,0,0,0,0,0,0,0,2.060000000000000,0,0,0,0,1.800000000000000,0,0,0,0,0,0,0.000000000000000,0.220000000000000,0,0,0,0.480000000000000,0,0.600000000000000,0,0,1.080000000000000,0,0,0,0,0,1,0,0,0,0.020000000000000,0,0,0,0,3.740000000000000,0,0,0,0,0,0,0,0.940000000000000,0.020000000000000,0,0,0,0.000000000000000,0
9,Mississippi,Open River,2001,0,0,0,0,0,0,0,1,0.146341463000000,0,0.243902439000000,0,2,0,2.609756098000000,0.219512195000000,0,0,0,0,0,0,0,0.073170732000000,0,0,0,3.585365854000000,0,0,0,0,0,1.365853659000000,0.024390244000000,4,0,5.146341463000000,0.634146342000000,0,0,0,2.341463415000000,1.585365854000000,0,0,0,0.585365854000000,0,0,0,0,0,0,0,55.926829269999999,0,0,0,0,0,0,0,0,0,0.243902439000000,0,0,0.097560976000000,0.292682927000000,0,0,0,0.512195122000000,0,0,0,0,0,0,0,0,0,0,0,7.951219512000000,0,0,0,0,1.512195122000000,0,0,1,0,0,0,0.000000000000000,0.829268293000000,0,0,0,0.121951220000000,0,0.219512195000000,0,0,2.170731707000000,0,0,0,0,0,1,0,0,0,0.097560976000000,0,0,0,0,0.268292683000000,0,0,0,0,0,0,0,1.487804878000000,0.292682927000000,0,0,0,0.000000000000000,0
10,Mississippi,Open River,2002,0,0,0,0,0,0,0,0,0.166666667000000,0,0.666666667000000,0,0,0,1.666666667000000,0.333333333000000,0,0,0,0,0,0,0,0.000000000000000,0,0,0,4.000000000000000,0,0,0,0,0,1.000000000000000,0.000000000000000,0,0,2.500000000000000,0.333333333000000,0,0,0,0.666666667000000,0.500000000000000,0,0,0,0.166666667000000,0,0,0,0,0,0,0,55.833333330000002,0,0,0,0,0,0,0,0,0,0.500000000000000,0,0,0.000000000000000,0.000000000000000,0,0,0,1.000000000000000,0,0,0,0,0,0,0,0,0,0,0,0.833333333000000,0,0,0,0,1.500000000000000,0,1,0,0,0,0,0.000000000000000,0.166666667000000,0,0,0,0.000000000000000,0,0.833333333000000,0,0,0.500000000000000,0,0,0,0,0,1,0,0,0,0.000000000000000,0,0,0,0,0.000000000000000,0,0,0,0,0,0,0,1.666666667000000,0.000000000000000,0,0,0,0.000000000000000,0
11,Mississippi,Open River,2003,0,0,0,0,0,0,0,0,1.052631579000000,0,0.105263158000000,0,0,0,1.473684211000000,1.263157895000000,0,0,0,0,0,0,0,0.000000000000000,0,0,0,11.473684210000000,0,0,0,0,0,1.157894737000000,0.210526316000000,1,0,1.210526316000000,1.157894737000000,0,0,0,1.684210526000000,0.526315790000000,0,0,0,0.263157895000000,0,0,0,0,0,0,0,22.368421049999998,0,0,0,0,0,0,0,0,0,0.000000000000000,0,0,0.105263158000000,0.000000000000000,0,0,0,0.157894737000000,0,0,0,1,0,0,0,0,0,0,0,0.105263158000000,0,0,0,0,1.315789474000000,0,1,0,0,0,0,0.000000000000000,0.000000000000000,0,0,0,0.368421053000000,0,0.736842105000000,0,0,2.368421053000000,0,0,0,0,0,0,0,0,0,0.000000000000000,0,0,0,0,0.000000000000000,0,0,0,0,0,0,0,1.210526316000000,0.105263158000000,0,0,0,0.000000000000000,0
12,Mississippi,Open River,2004,0,0,0,0,0,0,0,0,0.264705882000000,0,0.000000000000000,0,0,0,0.382352941000000,0.264705882000000,0,0,0,0,0,0,0,0.058823529000000,0,0,0,4.588235294000000,0,0,0,0,0,0.941176471000000,0.058823529000000,1,0,2.735294118000000,0.205882353000000,0,0,0,1.941176471000000,0.588235294000000,0,0,0,0.176470588000000,0,0,0,0,0,0,0,17.176470590000001,0,0,0,0,0,0,0,0,0,0.029411765000000,0,0,0.058823529000000,0.264705882000000,0,0,0,0.147058824000000,0,0,0,0,0,0,0,0,0,0,0,1.088235294000000,0,0,0,0,1.147058824000000,0,1,0,0,0,0,0.000000000000000,0.205882353000000,0,0,0,0.205882353000000,0,0.352941177000000,0,0,1.352941177000000,0,0,0,0,0,0,0,0,0,0.029411765000000,0,0,0,0,0.647058824000000,0,0,0,0,0,0,0,0.470588235000000,0.029411765000000,0,0,0,0.000000000000000,0
13,Mississippi,Open River,2005,0,0,0,0,0,0,0,0,0.739130435000000,0,0.000000000000000,0,0,0,0.826086957000000,0.608695652000000,0,0,0,0,0,0,0,1.391304348000000,0,0,0,6.956521739000000,0,0,0,0,0,1.086956522000000,0.043478261000000,1,0,13.304347829999999,0.347826087000000,0,0,0,3.652173913000000,0.869565217000000,0,0,0,0.086956522000000,0,0,0,0,0,0,0,22.304347830000001,0,0,0,0,0,0,0,0,0,0.130434783000000,0,0,0.086956522000000,0.173913044000000,0,0,0,0.260869565000000,0,0,0,0,0,0,0,0,0,0,0,1.565217391000000,0,0,0,0,2.086956522000000,0,0,0,0,0,0,0.000000000000000,0.173913044000000,0,0,0,0.434782609000000,0,0.782608696000000,0,0,2.782608696000000,0,0,0,0,0,0,0,0,0,0.000000000000000,0,0,0,0,3.913043478000000,0,0,0,0,0,0,0,0.956521739000000,0.086956522000000,0,0,0,0.000000000000000,0
14,Mississippi,Open River,2006,0,0,0,0,0,0,0,0,0.864864865000000,0,0.027027027000000,0,0,2,1.081081081000000,0.837837838000000,0,0,0,0,0,0,0,0.297297297000000,0,1,0,9.378378378000001,0,0,0,0,0,2.324324324000000,0.027027027000000,1,0,7.378378378000000,0.405405405000000,0,0,0,2.621621622000000,0.162162162000000,0,0,0,0.297297297000000,0,0,0,0,0,0,0,28.108108110000000,0,0,0,0,0,1,0,0,0,0.081081081000000,0,0,0.000000000000000,0.000000000000000,0,0,0,0.351351351000000,0,0,0,0,0,0,0,0,0,0,0,0.972972973000000,0,0,0,0,1.891891892000000,0,0,0,0,0,0,0.000000000000000,0.054054054000000,0,0,0,0.189189189000000,0,0.594594595000000,0,0,2.405405405000000,0,0,0,0,0,1,0,0,0,0.054054054000000,0,0,0,0,5.729729730000000,0,0,0,0,0,0,0,1.432432432000000,0.135135135000000,0,0,0,0.000000000000000,0
15,Mississippi,Open River,2007,0,0,0,0,0,0,0,0,0.500000000000000,0,0.000000000000000,0,0,1,0.159090909000000,0.772727273000000,0,0,0,0,0,0,0,0.022727273000000,0,0,0,3.613636364000000,0,0,0,0,0,0.840909091000000,0.045454546000000,0,0,2.659090909000000,0.818181818000000,0,0,0,1.818181818000000,1.181818182000000,0,0,0,0.068181818000000,0,0,0,0,0,0,0,11.954545460000000,0,0,0,0,0,0,0,0,0,0.068181818000000,0,0,0.045454546000000,0.090909091000000,0,0,0,0.227272727000000,0,0,0,0,0,0,0,0,0,0,0,0.863636364000000,0,0,0,0,1.931818182000000,0,0,0,0,0,0,0.000000000000000,0.068181818000000,0,0,0,0.181818182000000,0,0.522727273000000,0,0,2.568181818000000,0,0,0,0,0,0,0,0,0,0.000000000000000,4,0,0,0,0.022727273000000,0,0,0,0,0,0,0,0.681818182000000,0.068181818000000,0,0,0,0.000000000000000,0
16,Mississippi,Open River,2008,0,0,0,0,0,0,0,0,0.600000000000000,0,0.066666667000000,0,0,1,0.622222222000000,0.688888889000000,0,0,0,0,0,0,0,0.088888889000000,0,0,0,1.511111111000000,0,0,0,0,0,0.533333333000000,0.022222222000000,0,0,2.422222222000000,1.244444444000000,0,0,0,2.644444444000000,1.244444444000000,0,0,0,0.133333333000000,0,0,0,0,0,0,0,38.577777779999998,0,0,0,0,0,0,0,0,0,0.177777778000000,0,0,0.666666667000000,0.111111111000000,0,0,0,0.133333333000000,0,0,0,0,0,0,0,0,0,0,0,0.822222222000000,0,0,0,0,1.688888889000000,0,0,0,0,0,0,0.044444444000000,0.377777778000000,0,0,0,0.088888889000000,0,0.555555556000000,0,0,1.200000000000000,0,0,0,0,0,0,0,0,0,0.044444444000000,6,0,0,0,0.244444444000000,0,0,0,0,0,0,0,3.488888889000000,0.155555556000000,0,0,0,0.000000000000000,0
17,Mississippi,Open River,2009,0,0,0,0,0,0,0,0,0.488888889000000,0,0.200000000000000,0,0,0,0.311111111000000,0.400000000000000,0,0,0,0,0,0,0,0.000000000000000,0,0,0,2.333333333000000,0,0,0,0,0,1.000000000000000,0.000000000000000,0,0,0.822222222000000,0.533333333000000,0,0,0,2.733333333000000,0.622222222000000,0,0,0,0.000000000000000,0,0,0,0,0,0,0,4.266666667000000,0,0,0,0,0,0,0,0,0,0.666666667000000,0,0,0.022222222000000,0.000000000000000,0,0,0,0.022222222000000,0,0,0,0,0,0,0,0,0,0,0,0.200000000000000,0,0,0,0,1.177777778000000,0,0,0,0,0,0,0.000000000000000,0.133333333000000,0,0,0,0.177777778000000,0,1.111111111000000,0,0,4.155555556000000,0,0,0,0,0,0,0,0,0,0.022222222000000,2,0,0,0,0.044444444000000,0,0,0,0,0,0,0,1.177777778000000,0.088888889000000,0,0,0,0.000000000000000,0
18,Mississippi,Open River,2010,0,0,0,0,0,0,0,0,0.500000000000000,0,0.043478261000000,0,0,0,0.543478261000000,0.652173913000000,0,0,0,0,0,0,0,0.021739130000000,0,0,0,1.608695652000000,0,0,0,0,0,1.108695652000000,0.021739130000000,0,0,0.369565217000000,0.586956522000000,0,0,0,1.673913044000000,0.913043478000000,0,0,0,0.021739130000000,0,0,0,0,0,0,0,9.804347826000001,0,0,0,0,0,0,0,0,1,0.391304348000000,0,0,0.000000000000000,0.021739130000000,0,0,0,0.065217391000000,0,0,0,0,0,0,0,0,0,0,0,0.391304348000000,0,0,0,0,0.869565217000000,0,0,0,0,0,0,0.000000000000000,0.065217391000000,0,0,0,0.152173913000000,0,0.804347826000000,0,0,1.130434783000000,0,0,0,0,0,0,0,0,0,0.000000000000000,1,0,0,0,0.021739130000000,0,0,0,0,0,0,0,3.326086957000000,0.130434783000000,0,0,0,0.000000000000000,0
19,Mississippi,Open River,2011,0,0,0,0,0,0,0,0,0.345454546000000,0,0.618181818000000,0,0,0,1.618181818000000,0.400000000000000,0,0,0,0,0,0,0,0.000000000000000,0,0,0,1.781818182000000,0,0,0,0,0,1.418181818000000,0.036363636000000,0,0,0.600000000000000,0.527272727000000,0,0,0,1.218181818000000,1.490909091000000,0,0,0,0.054545455000000,0,0,0,0,0,0,0,11.000000000000000,0,0,0,0,0,0,0,0,1,0.272727273000000,0,0,0.000000000000000,0.018181818000000,0,0,0,0.036363636000000,0,0,0,0,0,0,0,0,0,0,0,0.327272727000000,0,0,0,0,0.981818182000000,0,0,0,0,0,0,0.000000000000000,0.000000000000000,0,0,0,0.054545455000000,0,1.327272727000000,0,0,1.254545455000000,0,0,0,0,0,0,0,0,0,0.036363636000000,0,0,0,0,0.018181818000000,0,0,0,0,0,0,0,0.745454546000000,0.218181818000000,0,0,0,0.000000000000000,0
20,Mississippi,Open River,2012,0,0,0,0,0,0,0,0,0.878048781000000,0,0.000000000000000,0,0,0,0.024390244000000,0.243902439000000,0,0,0,0,0,0,0,0.000000000000000,0,0,0,1.682926829000000,0,0,0,0,0,0.560975610000000,0.024390244000000,0,0,2.926829268000000,0.317073171000000,0,0,0,1.731707317000000,0.536585366000000,0,0,0,0.000000000000000,0,0,0,0,0,0,0,4.829268293000000,0,0,0,0,0,0,0,0,0,0.268292683000000,0,0,0.146341463000000,0.024390244000000,0,0,0,0.000000000000000,0,0,0,0,0,0,0,0,0,0,0,0.682926829000000,0,0,0,0,1.658536585000000,0,0,0,0,0,0,0.000000000000000,0.024390244000000,0,0,0,0.073170732000000,0,1.951219512000000,0,0,1.804878049000000,0,0,0,0,0,0,0,0,0,0.024390244000000,1,0,0,0,0.195121951000000,0,0,0,0,0,0,0,0.219512195000000,0.024390244000000,0,0,0,0.000000000000000,0
21,Mississippi,Open River,2013,0,0,0,0,0,0,0,0,0.456140351000000,0,0.017543860000000,0,0,1,0.140350877000000,0.122807018000000,0,0,0,0,0,0,0,0.052631579000000,0,0,0,1.263157895000000,0,0,0,0,0,1.473684211000000,0.017543860000000,1,0,2.807017544000000,0.508771930000000,0,0,0,2.859649123000000,1.473684211000000,0,0,0,0.228070175000000,0,0,0,0,0,0,0,20.192982460000000,0,0,0,0,0,0,0,0,0,0.350877193000000,0,0,0.017543860000000,0.315789474000000,0,0,0,0.157894737000000,0,0,0,0,0,0,0,0,0,0,0,2.140350877000000,0,0,0,0,0.894736842000000,0,1,0,0,0,0,0.017543860000000,0.210526316000000,0,0,0,0.017543860000000,0,0.912280702000000,0,0,1.736842105000000,0,0,0,0,0,0,0,0,0,0.105263158000000,1,0,0,0,0.070175439000000,0,0,0,0,0,0,0,1.614035088000000,0.052631579000000,0,0,0,0.000000000000000,0
22,Mississippi,Pool 4,1993,0,0,0,0,0,0,0,0,0.000000000000000,0,0.585714286000000,0,0,0,4.271428571000000,0.000000000000000,0,0,0,0,0,0,0,0.000000000000000,0,0,0,7.214285714000000,0,0,0,0,0,0.228571429000000,0.028571429000000,0,0,27.485714290000001,0.057142857000000,0,0,0,2.042857143000000,0.000000000000000,0,1,1,0.014285714000000,0,0,0,0,0,0,0,9.042857143000001,0,0,0,0,0,0,0,0,1,0.085714286000000,0,0,0.071428571000000,0.000000000000000,0,0,0,0.014285714000000,0,0,0,0,0,0,0,0,0,0,0,0.000000000000000,0,1,0,0,0.142857143000000,0,1,0,0,0,0,2.471428571000000,0.828571429000000,0,0,2,0.014285714000000,0,0.357142857000000,1,0,0.000000000000000,0,0,0,1,0,0,0,0,0,0.071428571000000,0,0,0,2,0.000000000000000,0,0,0,1,0,0,0,1.414285714000000,0.057142857000000,0,0,0,0.000000000000000,2
23,Mississippi,Pool 4,1994,0,0,0,0,0,0,0,1,0.000000000000000,0,1.488095238000000,0,0,0,4.809523810000000,0.238095238000000,0,0,0,0,0,0,0,0.000000000000000,0,0,0,6.011904762000000,0,0,0,0,0,0.119047619000000,0.000000000000000,0,0,37.702380949999998,0.095238095000000,0,0,0,1.607142857000000,0.000000000000000,0,0,0,0.178571429000000,0,0,0,0,0,0,0,15.571428570000000,0,0,0,0,0,0,3,0,2,0.011904762000000,0,0,0.154761905000000,0.000000000000000,0,0,0,0.000000000000000,0,0,0,0,0,0,0,0,0,0,1,0.000000000000000,0,1,0,0,0.392857143000000,1,2,0,0,0,0,6.535714286000000,1.261904762000000,0,0,3,0.000000000000000,0,0.261904762000000,2,0,0.059523810000000,0,0,0,1,0,0,0,0,1,0.083333333000000,0,0,0,1,0.000000000000000,0,0,0,1,0,0,0,5.202380952000000,0.142857143000000,0,0,0,0.000000000000000,1
24,Mississippi,Pool 4,1995,0,0,0,0,0,0,0,0,0.000000000000000,0,0.451219512000000,0,0,0,4.719512195000000,0.121951220000000,0,0,0,0,0,0,0,0.000000000000000,0,0,0,5.341463415000000,0,0,0,0,0,0.365853659000000,0.012195122000000,0,0,19.719512200000000,0.073170732000000,0,0,0,1.487804878000000,0.000000000000000,0,0,0,0.060975610000000,0,0,0,0,0,0,0,17.451219510000001,0,0,0,0,0,0,1,0,3,0.024390244000000,0,0,0.073170732000000,0.000000000000000,0,0,0,0.000000000000000,0,0,0,0,0,0,0,0,0,0,1,0.000000000000000,0,1,0,0,0.134146342000000,0,3,0,0,0,0,1.292682927000000,1.000000000000000,0,0,4,0.000000000000000,0,0.463414634000000,3,0,0.000000000000000,0,0,0,0,0,0,0,0,1,0.134146342000000,0,0,0,2,0.000000000000000,0,0,0,1,0,0,0,4.268292683000000,0.121951220000000,0,0,0,0.000000000000000,1
25,Mississippi,Pool 4,1996,0,0,0,0,0,0,0,1,0.000000000000000,0,0.559523810000000,0,0,0,5.797619048000000,0.107142857000000,0,0,0,0,0,0,0,0.000000000000000,0,0,0,4.940476191000000,0,0,0,0,0,0.226190476000000,0.011904762000000,0,0,16.047619050000002,0.071428571000000,0,0,0,1.404761905000000,0.000000000000000,0,1,0,0.309523810000000,0,0,0,0,0,0,0,13.678571430000000,0,0,0,0,0,0,1,0,3,0.071428571000000,0,0,0.083333333000000,0.000000000000000,0,0,0,0.023809524000000,0,0,0,0,0,0,0,0,0,0,1,0.000000000000000,0,1,0,0,0.095238095000000,1,1,0,0,0,0,2.892857143000000,0.726190476000000,0,0,3,0.000000000000000,0,0.238095238000000,3,0,0.011904762000000,0,0,0,0,0,0,0,0,0,0.011904762000000,0,0,0,2,0.000000000000000,0,0,0,0,0,0,0,1.404761905000000,0.095238095000000,0,0,0,0.000000000000000,1
26,Mississippi,Pool 4,1997,0,0,0,0,0,0,0,3,0.000000000000000,0,0.402439024000000,0,0,0,6.487804878000000,0.109756098000000,0,0,0,0,0,0,0,0.000000000000000,0,0,0,6.682926829000000,0,0,0,0,0,0.292682927000000,0.012195122000000,0,0,65.646341460000002,0.207317073000000,0,0,0,1.317073171000000,0.000000000000000,0,1,1,0.365853659000000,0,0,0,0,0,0,0,10.560975610000000,0,0,0,0,0,0,1,0,3,0.048780488000000,0,1,0.121951220000000,0.000000000000000,0,0,0,0.012195122000000,0,0,0,0,0,0,0,0,0,0,0,0.000000000000000,0,1,0,0,0.073170732000000,1,1,0,0,0,0,2.792682927000000,1.475609756000000,0,0,5,0.000000000000000,0,0.365853659000000,4,0,0.060975610000000,0,0,0,1,0,0,0,0,1,0.073170732000000,0,0,0,1,0.000000000000000,0,0,0,1,0,0,0,1.987804878000000,0.048780488000000,0,0,0,0.000000000000000,4
27,Mississippi,Pool 4,1998,0,0,0,0,0,0,0,0,0.000000000000000,0,0.506024096000000,0,0,0,5.313253012000000,0.084337349000000,0,0,0,0,0,0,0,0.000000000000000,0,0,0,5.265060241000000,0,0,0,0,0,0.108433735000000,0.012048193000000,0,0,66.385542169999994,0.168674699000000,0,0,0,1.240963855000000,0.000000000000000,0,0,0,0.228915663000000,0,0,0,0,0,0,0,12.734939760000000,0,0,0,0,0,0,2,0,3,0.060240964000000,0,1,0.120481928000000,0.000000000000000,0,0,0,0.000000000000000,0,0,0,0,0,0,0,0,0,0,0,0.000000000000000,0,1,0,0,0.048192771000000,1,0,0,0,0,0,1.144578313000000,2.132530121000000,0,0,3,0.000000000000000,0,0.216867470000000,3,0,0.012048193000000,0,0,0,1,0,0,0,0,1,0.120481928000000,0,0,0,2,0.000000000000000,0,0,0,1,0,0,0,2.506024096000000,0.084337349000000,0,0,0,0.000000000000000,4
28,Mississippi,Pool 4,1999,0,0,0,0,0,0,0,0,0.000000000000000,0,1.313253012000000,0,0,0,10.506024099999999,0.108433735000000,0,0,0,0,0,0,0,0.000000000000000,0,0,0,7.795180723000000,0,0,0,0,0,0.132530121000000,0.000000000000000,0,0,111.710843400000000,0.337349398000000,0,0,0,1.698795181000000,0.000000000000000,0,1,0,0.060240964000000,0,0,0,0,0,0,0,14.120481930000000,0,0,0,0,0,0,0,0,3,0.060240964000000,0,0,0.204819277000000,0.000000000000000,0,0,0,0.012048193000000,0,0,0,0,0,0,0,0,0,0,0,0.000000000000000,0,1,0,0,0.096385542000000,1,0,0,0,0,0,1.542168675000000,1.650602410000000,0,0,4,0.000000000000000,0,0.216867470000000,3,0,0.000000000000000,0,0,0,1,0,0,0,0,0,0.132530121000000,0,0,0,2,0.000000000000000,0,0,0,1,0,0,0,2.433734940000000,0.240963855000000,0,0,0,0.000000000000000,1
29,Mississippi,Pool 4,2000,0,0,0,0,0,0,0,2,0.000000000000000,0,1.559523810000000,0,0,0,8.880952381000000,0.107142857000000,0,0,0,0,0,0,0,0.000000000000000,0,0,0,6.428571429000000,0,0,0,0,0,0.119047619000000,0.011904762000000,0,0,92.285714290000001,0.166666667000000,0,0,0,0.940476191000000,0.000000000000000,0,1,0,0.095238095000000,0,0,0,0,0,0,0,89.750000000000000,0,0,0,0,0,0,1,0,3,0.071428571000000,0,2,0.142857143000000,0.000000000000000,0,0,0,0.011904762000000,0,0,0,1,0,0,0,0,0,0,0,0.000000000000000,0,1,0,0,0.071428571000000,1,0,0,0,0,0,3.547619048000000,0.630952381000000,0,0,4,0.000000000000000,0,0.273809524000000,2,0,0.011904762000000,0,0,0,1,0,0,0,0,0,0.142857143000000,0,0,0,2,0.000000000000000,0,0,0,0,0,0,0,2.750000000000000,0.154761905000000,0,0,0,0.000000000000000,2
30,Mississippi,Pool 4,2001,0,0,0,0,0,0,0,1,0.012500000000000,0,0.950000000000000,0,0,0,6.250000000000000,0.075000000000000,0,0,0,0,0,0,0,0.000000000000000,0,0,0,4.700000000000000,0,0,0,0,0,0.112500000000000,0.025000000000000,0,0,25.774999999999999,0.100000000000000,0,0,0,0.950000000000000,0.000000000000000,0,0,0,0.100000000000000,0,0,0,0,0,0,0,42.424999999999997,0,0,0,0,0,0,1,0,6,0.025000000000000,0,3,0.025000000000000,0.000000000000000,0,0,0,0.000000000000000,0,0,0,0,0,0,0,0,0,0,1,0.000000000000000,0,1,0,0,0.087500000000000,1,0,0,0,0,0,2.175000000000000,0.350000000000000,0,0,4,0.000000000000000,0,0.287500000000000,3,0,0.000000000000000,0,0,0,0,0,0,0,0,0,0.025000000000000,0,0,0,2,0.000000000000000,0,0,0,1,0,0,0,2.075000000000000,0.125000000000000,0,0,0,0.000000000000000,2
31,Mississippi,Pool 4,2002,0,0,0,0,0,0,0,0,0.000000000000000,0,0.646341463000000,0,0,0,3.097560976000000,0.024390244000000,0,0,0,0,0,0,0,0.000000000000000,0,0,0,3.414634146000000,0,0,0,0,0,0.134146342000000,0.012195122000000,0,0,22.329268290000002,0.134146342000000,0,0,0,0.780487805000000,0.000000000000000,0,0,0,0.085365854000000,0,0,0,0,0,0,0,6.841463415000000,0,0,0,0,0,0,0,0,3,0.012195122000000,0,1,0.000000000000000,0.000000000000000,0,0,0,0.000000000000000,0,0,0,0,0,0,0,0,0,0,0,0.000000000000000,0,1,0,0,0.060975610000000,0,1,0,0,0,0,1.597560976000000,0.548780488000000,0,0,2,0.000000000000000,0,0.451219512000000,2,0,0.000000000000000,0,0,0,0,0,0,0,0,0,0.024390244000000,0,0,0,1,0.000000000000000,0,0,0,0,0,0,0,1.512195122000000,0.097560976000000,0,0,0,0.000000000000000,2
32,Mississippi,Pool 4,2003,0,0,0,0,0,0,0,0,0.000000000000000,0,1.607142857000000,0,0,0,8.535714285999999,0.071428571000000,0,0,0,0,0,0,0,0.000000000000000,0,0,0,4.428571429000000,0,0,0,0,0,0.178571429000000,0.035714286000000,0,0,10.714285710000000,0.000000000000000,0,0,0,0.607142857000000,0.000000000000000,0,1,0,0.178571429000000,0,0,0,0,0,0,0,26.035714290000001,0,0,0,0,0,0,3,0,11,0.035714286000000,0,0,0.071428571000000,0.000000000000000,0,0,0,0.000000000000000,0,0,0,0,0,0,0,0,0,0,0,0.000000000000000,0,1,0,0,0.142857143000000,1,0,0,0,0,0,0.714285714000000,0.285714286000000,0,0,3,0.000000000000000,0,0.285714286000000,4,0,0.000000000000000,0,0,0,2,0,0,0,0,0,0.000000000000000,0,0,0,2,0.000000000000000,0,0,0,1,0,0,0,0.821428571000000,0.035714286000000,0,0,0,0.000000000000000,3
33,Mississippi,Pool 4,2004,0,0,0,0,0,0,0,1,0.000000000000000,0,0.750000000000000,0,0,0,6.559523810000000,0.047619048000000,0,0,0,0,0,0,0,0.000000000000000,0,0,0,3.809523810000000,0,0,0,0,0,0.202380952000000,0.023809524000000,0,0,85.309523810000002,0.166666667000000,0,0,0,1.690476191000000,0.000000000000000,0,1,0,0.035714286000000,0,0,0,0,0,0,0,6.916666667000000,0,0,0,0,0,0,1,0,5,0.035714286000000,0,0,0.119047619000000,0.000000000000000,0,0,0,0.011904762000000,0,0,0,1,0,0,0,0,0,0,0,0.000000000000000,0,2,0,0,0.095238095000000,1,0,0,0,0,0,0.785714286000000,0.809523810000000,0,0,3,0.000000000000000,0,0.333333333000000,5,0,0.000000000000000,0,0,0,1,0,0,0,0,0,0.214285714000000,0,0,0,1,0.000000000000000,0,0,0,0,0,0,0,2.440476191000000,0.178571429000000,0,0,0,0.000000000000000,4
34,Mississippi,Pool 4,2005,0,0,0,0,0,0,0,1,0.000000000000000,0,1.071428571000000,0,0,0,11.464285710000000,0.053571429000000,0,0,0,0,0,0,0,0.000000000000000,0,0,0,5.857142857000000,0,0,0,0,0,0.232142857000000,0.035714286000000,0,0,14.750000000000000,0.107142857000000,0,0,0,1.250000000000000,0.000000000000000,0,1,0,0.142857143000000,0,0,0,0,0,0,0,11.446428570000000,0,0,0,0,0,0,1,0,7,0.017857143000000,0,0,0.035714286000000,0.000000000000000,0,0,1,0.000000000000000,0,0,0,0,0,0,0,0,0,0,0,0.000000000000000,0,1,0,0,0.107142857000000,0,0,0,0,0,0,3.446428571000000,0.267857143000000,0,0,2,0.000000000000000,0,0.000000000000000,3,0,0.035714286000000,0,0,0,1,0,0,0,0,0,0.214285714000000,0,0,0,1,0.000000000000000,0,0,0,1,0,0,0,1.089285714000000,0.250000000000000,0,0,0,0.000000000000000,6
35,Mississippi,Pool 4,2006,0,0,0,0,0,0,0,2,0.000000000000000,0,1.535714286000000,0,0,0,17.732142860000000,0.000000000000000,0,0,0,0,0,0,0,0.000000000000000,0,0,0,2.375000000000000,0,0,0,0,0,0.125000000000000,0.035714286000000,0,0,42.839285709999999,0.089285714000000,0,0,0,0.517857143000000,0.000000000000000,0,1,0,0.196428571000000,0,0,0,0,0,0,0,36.767857139999997,0,0,0,0,0,0,1,0,14,0.000000000000000,0,2,0.017857143000000,0.000000000000000,0,0,0,0.053571429000000,0,0,0,0,0,0,0,0,0,0,0,0.000000000000000,0,0,0,0,0.232142857000000,0,0,0,0,0,0,0.535714286000000,0.285714286000000,0,0,2,0.000000000000000,0,0.035714286000000,2,0,0.000000000000000,0,0,0,1,0,0,0,0,0,0.232142857000000,0,0,0,1,0.000000000000000,0,0,0,1,0,0,0,0.517857143000000,0.017857143000000,0,0,0,0.000000000000000,2
36,Mississippi,Pool 4,2007,0,0,0,0,0,0,0,2,0.000000000000000,0,1.148148148000000,0,1,0,11.907407409999999,0.111111111000000,0,0,1,0,0,0,0,0.000000000000000,0,0,0,3.685185185000000,0,0,0,0,0,0.203703704000000,0.000000000000000,0,0,18.425925929999998,0.092592593000000,0,0,0,0.814814815000000,0.000000000000000,0,0,0,0.148148148000000,0,0,0,0,0,0,0,32.407407409999998,0,0,0,0,0,0,2,0,8,0.037037037000000,0,1,0.000000000000000,0.000000000000000,0,0,0,0.018518519000000,0,0,0,0,0,0,0,0,0,0,1,0.000000000000000,0,1,0,0,0.037037037000000,1,0,0,0,0,0,1.074074074000000,0.722222222000000,0,0,2,0.000000000000000,0,0.166666667000000,3,0,0.018518519000000,0,0,0,1,0,0,0,0,0,0.185185185000000,0,0,0,1,0.000000000000000,0,0,0,0,0,0,0,0.981481482000000,0.037037037000000,0,0,0,0.000000000000000,2
37,Mississippi,Pool 4,2008,0,0,0,0,0,0,0,1,0.000000000000000,0,1.196428571000000,0,0,0,17.339285709999999,0.035714286000000,0,0,0,0,0,0,0,0.000000000000000,0,0,0,3.303571429000000,0,0,0,0,0,0.303571429000000,0.017857143000000,0,0,51.464285709999999,0.071428571000000,0,0,0,0.642857143000000,0.000000000000000,0,1,0,0.125000000000000,0,0,0,0,0,0,0,21.946428569999998,0,0,0,0,1,0,2,0,12,0.017857143000000,0,1,0.000000000000000,0.000000000000000,0,0,1,0.035714286000000,0,0,0,0,0,0,0,0,0,0,0,0.000000000000000,0,1,0,0,0.035714286000000,0,0,0,0,0,0,0.660714286000000,0.553571429000000,0,0,2,0.000000000000000,0,0.303571429000000,2,0,0.000000000000000,0,0,0,1,0,0,0,0,0,0.000000000000000,0,0,0,1,0.000000000000000,0,0,1,0,0,0,0,0.357142857000000,0.142857143000000,0,0,0,0.000000000000000,2
38,Mississippi,Pool 4,2009,0,0,0,0,0,0,0,2,0.000000000000000,0,0.904761905000000,0,0,0,8.630952381000000,0.023809524000000,0,0,0,0,0,0,0,0.000000000000000,0,0,0,2.226190476000000,0,0,0,0,0,0.166666667000000,0.000000000000000,0,0,16.928571430000002,0.059523810000000,0,0,0,1.035714286000000,0.000000000000000,0,0,1,0.107142857000000,0,0,0,0,0,0,0,18.428571430000002,0,0,0,0,0,0,1,0,8,0.035714286000000,0,2,0.000000000000000,0.000000000000000,0,0,1,0.000000000000000,0,0,0,0,0,0,0,0,0,0,0,0.000000000000000,0,1,0,0,0.071428571000000,0,0,0,0,0,0,1.285714286000000,0.452380952000000,0,0,2,0.000000000000000,0,0.047619048000000,3,0,0.011904762000000,0,0,0,1,0,0,0,0,1,0.000000000000000,0,0,0,2,0.000000000000000,0,0,1,0,0,0,0,0.880952381000000,0.142857143000000,0,0,0,0.000000000000000,2
39,Mississippi,Pool 4,2010,0,0,0,0,0,0,0,0,0.000000000000000,0,1.650602410000000,0,0,0,10.614457829999999,0.036144578000000,0,0,0,0,0,0,0,0.000000000000000,0,0,0,2.192771084000000,0,0,0,0,0,0.253012048000000,0.036144578000000,0,0,39.060240960000002,0.096385542000000,0,0,0,1.457831325000000,0.000000000000000,0,1,0,0.072289157000000,0,0,0,0,0,0,0,21.373493979999999,0,0,0,0,0,0,2,0,8,0.036144578000000,0,5,0.012048193000000,0.000000000000000,0,0,1,0.000000000000000,0,0,0,0,0,1,0,0,0,0,0,0.000000000000000,0,2,0,0,0.084337349000000,0,0,0,0,0,0,1.421686747000000,0.385542169000000,0,0,2,0.000000000000000,0,0.036144578000000,2,0,0.000000000000000,0,0,0,0,0,0,0,0,1,0.000000000000000,0,0,0,2,0.000000000000000,0,0,3,0,0,0,0,0.987951807000000,0.012048193000000,0,0,0,0.000000000000000,9
40,Mississippi,Pool 4,2011,0,0,0,0,0,0,0,1,0.000000000000000,0,0.395061728000000,0,0,0,6.950617284000000,0.024691358000000,0,0,0,0,0,0,0,0.000000000000000,0,0,0,1.839506173000000,0,0,0,0,0,0.197530864000000,0.000000000000000,0,0,11.827160490000001,0.172839506000000,0,0,0,0.888888889000000,0.000000000000000,0,0,0,0.148148148000000,0,0,0,0,0,0,0,3.209876543000000,0,0,0,0,0,0,2,0,6,0.074074074000000,0,3,0.024691358000000,0.000000000000000,0,0,1,0.000000000000000,0,0,0,0,0,0,0,0,0,0,0,0.000000000000000,0,1,0,0,0.074074074000000,0,0,0,0,0,0,0.641975309000000,0.703703704000000,0,0,2,0.000000000000000,0,0.024691358000000,4,0,0.037037037000000,0,0,0,0,0,0,0,0,1,0.000000000000000,0,0,0,2,0.000000000000000,0,0,0,0,0,0,0,0.839506173000000,0.037037037000000,0,0,0,0.000000000000000,3
41,Mississippi,Pool 4,2012,0,0,0,0,0,0,0,3,0.000000000000000,0,2.630952381000000,0,1,0,25.130952380000000,0.059523810000000,0,0,0,0,0,0,0,0.000000000000000,0,0,0,1.583333333000000,0,0,0,0,0,0.297619048000000,0.000000000000000,0,0,13.988095240000000,0.095238095000000,0,0,0,1.571428571000000,0.000000000000000,0,0,0,0.178571429000000,0,0,0,0,0,0,0,7.261904762000000,0,0,0,0,0,0,2,0,8,0.095238095000000,0,1,0.000000000000000,0.000000000000000,0,0,1,0.035714286000000,0,0,0,0,0,0,0,0,0,0,0,0.000000000000000,0,1,0,0,0.154761905000000,0,0,0,0,0,0,2.702380952000000,0.321428571000000,0,0,2,0.000000000000000,0,0.047619048000000,2,0,0.023809524000000,0,0,0,0,0,0,0,0,4,0.333333333000000,0,0,0,1,0.000000000000000,0,0,2,0,0,0,0,1.583333333000000,0.095238095000000,0,0,0,0.000000000000000,3
42,Mississippi,Pool 4,2013,0,0,0,0,0,0,0,0,0.000000000000000,0,0.690476191000000,0,0,0,11.809523810000000,0.047619048000000,0,0,0,0,0,0,0,0.000000000000000,0,0,0,1.130952381000000,0,0,0,0,0,0.107142857000000,0.000000000000000,0,0,12.059523810000000,0.142857143000000,0,0,0,0.976190476000000,0.000000000000000,0,0,2,0.095238095000000,0,0,0,0,0,0,0,5.369047619000000,0,0,0,0,0,0,1,0,6,0.095238095000000,0,2,0.011904762000000,0.000000000000000,0,0,1,0.000000000000000,0,0,0,0,0,0,0,0,0,0,0,0.000000000000000,0,2,0,0,0.035714286000000,0,0,0,0,0,0,0.845238095000000,0.535714286000000,0,0,2,0.000000000000000,0,0.000000000000000,3,0,0.000000000000000,0,0,0,0,0,0,0,0,1,0.000000000000000,0,0,0,1,0.000000000000000,0,0,1,0,0,0,0,1.166666667000000,0.000000000000000,0,0,0,0.000000000000000,6
43,Mississippi,Pool 8,1993,0,0,0,0,0,0,0,4,0.000000000000000,0,0.564705882000000,0,0,0,6.870588235000000,0.035294118000000,0,0,0,0,0,0,0,0.000000000000000,0,0,0,7.294117647000000,0,0,0,0,0,0.200000000000000,0.094117647000000,0,0,7.447058824000000,0.200000000000000,0,0,0,0.529411765000000,0.000000000000000,0,1,0,2.082352941000000,0,0,0,0,0,0,0,0.882352941000000,0,0,0,0,1,0,1,0,3,0.400000000000000,0,0,0.094117647000000,0.000000000000000,0,0,0,0.164705882000000,0,0,0,0,0,0,0,0,0,0,0,0.000000000000000,0,1,0,0,0.000000000000000,0,3,0,0,0,0,18.341176470000001,1.341176471000000,0,0,2,0.000000000000000,0,0.094117647000000,1,0,0.023529412000000,0,0,0,0,0,0,0,0,2,0.011764706000000,0,0,2,1,0.000000000000000,0,0,0,0,0,0,0,0.282352941000000,0.058823529000000,0,0,0,0.000000000000000,0
44,Mississippi,Pool 8,1994,0,0,0,0,0,0,0,2,0.000000000000000,0,1.580645161000000,0,0,0,5.860215054000000,0.107526882000000,0,0,0,0,0,0,0,0.000000000000000,0,0,0,9.064516128999999,0,0,0,0,0,0.430107527000000,0.021505376000000,0,0,3.322580645000000,0.172043011000000,0,0,0,6.193548387000000,0.000000000000000,0,1,0,0.075268817000000,0,0,0,0,0,0,0,19.688172040000001,0,0,0,0,1,0,3,0,5,0.215053763000000,0,1,0.182795699000000,0.000000000000000,0,0,0,0.182795699000000,0,0,0,0,0,0,0,0,0,0,2,0.000000000000000,0,1,0,0,0.086021505000000,0,5,0,0,0,0,7.967741936000000,1.021505376000000,0,0,5,0.000000000000000,0,1.817204301000000,4,0,0.075268817000000,0,0,0,1,0,0,0,0,1,0.021505376000000,0,0,0,2,0.000000000000000,0,0,0,1,0,0,0,4.989247312000000,0.129032258000000,0,0,0,0.032258065000000,3
45,Mississippi,Pool 8,1995,0,0,0,0,0,0,0,3,0.000000000000000,0,1.166666667000000,0,0,0,13.895833330000000,0.072916667000000,0,0,0,0,0,0,0,0.000000000000000,0,0,0,5.000000000000000,0,0,0,0,0,0.218750000000000,0.062500000000000,0,0,4.093750000000000,0.104166667000000,0,0,0,2.354166667000000,0.010416667000000,0,1,1,0.437500000000000,0,0,0,0,0,0,0,14.770833330000000,0,0,0,0,1,0,1,0,5,0.302083333000000,0,0,0.083333333000000,0.000000000000000,0,0,0,0.750000000000000,0,0,0,1,0,0,0,0,0,0,1,0.000000000000000,0,2,0,0,0.052083333000000,0,2,0,0,0,0,8.114583333000001,0.656250000000000,0,0,6,0.000000000000000,0,0.458333333000000,3,0,0.093750000000000,0,0,0,2,0,0,0,0,0,0.010416667000000,0,0,0,2,0.000000000000000,0,0,0,0,0,0,0,2.010416667000000,0.031250000000000,0,0,0,0.010416667000000,1
46,Mississippi,Pool 8,1996,0,0,0,0,0,0,0,13,0.000000000000000,0,1.739583333000000,0,0,0,28.072916670000001,0.260416667000000,0,0,0,0,0,0,0,0.000000000000000,0,0,0,6.000000000000000,0,0,0,0,0,0.239583333000000,0.000000000000000,0,0,16.593750000000000,0.166666667000000,0,0,0,0.781250000000000,0.000000000000000,0,2,0,0.781250000000000,0,0,0,0,0,0,0,18.093750000000000,0,0,0,0,1,0,2,0,10,0.104166667000000,0,3,0.031250000000000,0.000000000000000,0,0,0,2.000000000000000,0,0,0,1,0,0,0,0,0,0,0,0.000000000000000,0,2,0,0,0.010416667000000,0,4,0,0,0,0,18.031250000000000,1.041666667000000,0,0,7,0.000000000000000,0,0.187500000000000,4,0,0.083333333000000,0,0,0,2,0,0,0,0,0,0.000000000000000,0,0,0,3,0.000000000000000,0,0,0,1,0,0,0,1.500000000000000,0.114583333000000,0,0,0,0.000000000000000,1
47,Mississippi,Pool 8,1997,0,0,0,0,0,0,0,14,0.000000000000000,0,1.039215686000000,0,0,0,23.470588240000001,0.029411765000000,0,0,0,0,0,0,0,0.000000000000000,0,0,0,5.029411765000000,0,0,0,0,0,0.264705882000000,0.058823529000000,0,0,9.637254902000001,0.098039216000000,0,0,0,1.186274510000000,0.000000000000000,0,1,0,0.637254902000000,0,0,0,0,0,0,0,6.637254902000000,0,0,0,0,2,0,4,0,4,0.107843137000000,0,4,0.009803922000000,0.000000000000000,0,0,0,4.245098039000000,0,0,0,1,0,1,0,0,0,0,1,0.000000000000000,0,1,0,0,0.088235294000000,0,5,0,0,0,0,18.656862749999998,1.107843137000000,0,0,5,0.000000000000000,0,0.127450980000000,4,0,0.196078431000000,0,0,0,2,0,0,0,0,1,0.000000000000000,0,0,0,3,0.000000000000000,0,0,0,1,0,0,0,1.578431373000000,0.029411765000000,0,0,0,0.000000000000000,3
48,Mississippi,Pool 8,1998,0,0,0,0,0,0,0,6,0.000000000000000,0,1.490196078000000,0,0,0,29.637254899999999,0.039215686000000,0,0,0,0,0,0,0,0.000000000000000,0,0,0,5.588235294000000,0,0,0,0,0,0.166666667000000,0.088235294000000,0,0,39.892156860000000,0.098039216000000,0,0,0,0.529411765000000,0.000000000000000,0,2,0,1.166666667000000,0,0,0,0,0,0,0,1.303921569000000,0,0,0,0,5,0,6,0,5,0.078431373000000,0,18,0.068627451000000,0.000000000000000,0,0,1,1.441176471000000,0,0,0,1,0,1,0,0,0,0,0,0.000000000000000,0,2,1,0,0.166666667000000,0,4,0,0,0,0,14.225490199999999,2.235294118000000,0,0,6,0.000000000000000,0,0.049019608000000,5,0,0.058823529000000,0,0,0,2,0,0,0,0,1,0.009803922000000,0,0,0,3,0.000000000000000,0,0,0,1,0,0,0,1.058823529000000,0.068627451000000,0,0,0,0.000000000000000,5
49,Mississippi,Pool 8,1999,0,0,0,0,0,0,0,5,0.000000000000000,0,1.088235294000000,0,1,0,18.421568629999999,0.039215686000000,0,0,0,0,0,0,0,0.000000000000000,0,0,0,3.725490196000000,0,0,0,0,0,0.294117647000000,0.049019608000000,0,0,42.058823529999998,0.049019608000000,0,0,0,0.372549020000000,0.000000000000000,0,2,0,0.431372549000000,0,0,0,0,0,0,0,10.421568629999999,0,0,0,0,0,0,1,0,8,0.215686275000000,0,3,0.009803922000000,0.000000000000000,0,0,1,0.470588235000000,0,0,0,0,0,0,0,0,0,0,0,0.000000000000000,0,2,0,0,0.107843137000000,0,4,0,0,0,0,12.549019610000000,1.117647059000000,0,0,6,0.000000000000000,0,0.117647059000000,3,0,0.088235294000000,0,0,0,1,0,0,0,0,0,0.000000000000000,0,0,0,3,0.000000000000000,0,0,0,0,0,0,0,0.372549020000000,0.019607843000000,0,0,0,0.000000000000000,1
50,Mississippi,Pool 8,2000,0,0,0,0,0,0,0,13,0.000000000000000,0,1.388888889000000,0,0,0,32.986111110000003,0.000000000000000,0,0,0,0,0,0,0,0.000000000000000,0,0,0,2.944444444000000,0,0,0,0,0,0.083333333000000,0.027777778000000,0,0,13.083333330000000,0.194444444000000,0,0,0,0.597222222000000,0.000000000000000,0,1,1,0.347222222000000,0,0,0,0,0,0,0,12.055555560000000,0,0,0,0,1,0,1,0,8,0.125000000000000,0,15,0.041666667000000,0.000000000000000,0,0,0,0.069444444000000,0,0,0,1,0,0,0,0,0,0,0,0.000000000000000,0,2,0,0,0.013888889000000,0,6,0,0,0,0,19.958333329999999,0.847222222000000,0,0,7,0.000000000000000,0,0.222222222000000,2,0,0.083333333000000,0,0,0,1,0,0,0,0,0,0.000000000000000,0,0,0,3,0.000000000000000,0,0,0,0,0,0,0,0.597222222000000,0.083333333000000,0,0,0,0.027777778000000,0
51,Mississippi,Pool 8,2001,0,0,0,0,0,0,0,15,0.000000000000000,0,0.882352941000000,0,2,0,29.529411769999999,0.000000000000000,0,0,0,0,0,0,0,0.000000000000000,0,0,0,5.035294118000000,0,0,0,0,0,0.141176471000000,0.011764706000000,0,0,17.152941179999999,0.129411765000000,0,0,0,0.858823529000000,0.000000000000000,0,1,0,0.776470588000000,0,0,0,0,0,0,0,29.600000000000001,0,0,0,0,1,0,0,0,20,0.247058824000000,0,10,0.070588235000000,0.000000000000000,0,0,1,0.423529412000000,0,0,0,2,0,0,0,0,0,0,0,0.000000000000000,0,2,0,0,0.094117647000000,0,5,0,0,0,0,15.788235289999999,0.294117647000000,0,0,5,0.000000000000000,0,0.035294118000000,2,0,0.023529412000000,0,0,0,2,0,0,0,0,0,0.011764706000000,0,0,0,2,0.000000000000000,0,0,1,0,0,0,0,1.129411765000000,0.011764706000000,0,0,0,0.000000000000000,1
52,Mississippi,Pool 8,2002,0,0,0,0,0,0,0,10,0.000000000000000,0,0.904761905000000,0,4,0,35.988095240000000,0.023809524000000,0,0,0,0,0,0,0,0.000000000000000,0,0,0,1.976190476000000,0,0,0,0,0,0.119047619000000,0.023809524000000,0,0,23.821428569999998,0.047619048000000,0,0,0,1.321428571000000,0.000000000000000,0,1,0,0.357142857000000,0,0,0,0,0,0,0,4.238095238000000,0,0,0,0,0,0,1,0,12,0.095238095000000,0,6,0.035714286000000,0.000000000000000,0,0,0,0.130952381000000,0,0,0,1,0,0,0,0,0,0,0,0.000000000000000,0,1,0,0,0.000000000000000,0,4,0,0,0,0,19.023809520000000,0.357142857000000,0,0,6,0.000000000000000,0,0.023809524000000,3,0,0.083333333000000,0,0,0,2,0,0,0,0,1,0.000000000000000,0,0,0,2,0.000000000000000,0,0,1,0,0,0,0,1.083333333000000,0.000000000000000,0,0,0,0.011904762000000,0
53,Mississippi,Pool 8,2003,0,0,0,0,0,0,0,28,0.000000000000000,0,2.896551724000000,0,3,0,127.137930999999990,0.000000000000000,0,0,0,0,0,0,0,0.000000000000000,0,0,0,2.827586207000000,0,0,0,0,0,0.172413793000000,0.172413793000000,0,0,44.517241380000002,0.000000000000000,0,0,0,0.413793103000000,0.000000000000000,0,1,4,0.172413793000000,0,0,0,0,0,0,0,69.586206899999993,0,0,0,0,1,0,1,0,28,0.034482759000000,0,28,0.000000000000000,0.000000000000000,0,0,1,0.034482759000000,0,0,0,6,0,1,0,0,0,0,0,0.000000000000000,0,1,0,0,0.000000000000000,0,2,0,0,0,0,26.896551720000001,0.137931035000000,0,0,6,0.000000000000000,0,0.034482759000000,6,0,0.000000000000000,0,0,0,2,0,0,0,0,2,0.000000000000000,0,0,0,1,0.000000000000000,0,0,4,1,0,0,0,0.827586207000000,0.000000000000000,0,0,0,0.000000000000000,5
54,Mississippi,Pool 8,2004,0,0,0,0,0,0,0,9,0.000000000000000,0,1.117647059000000,0,1,0,42.035294120000003,0.035294118000000,0,0,0,0,0,0,0,0.000000000000000,0,0,0,2.517647059000000,0,0,0,0,0,0.105882353000000,0.011764706000000,0,0,13.352941180000000,0.094117647000000,0,0,0,0.694117647000000,0.000000000000000,0,2,1,0.270588235000000,0,0,0,0,0,0,0,4.329411765000000,0,0,0,0,1,0,2,0,13,0.164705882000000,0,6,0.047058824000000,0.000000000000000,0,0,0,0.482352941000000,0,0,0,4,0,0,0,0,0,0,0,0.000000000000000,0,3,0,0,0.047058824000000,1,2,0,0,0,0,23.505882350000000,0.623529412000000,0,0,5,0.000000000000000,0,0.070588235000000,3,0,0.035294118000000,0,0,0,1,0,0,0,0,1,0.000000000000000,0,0,1,3,0.000000000000000,0,0,4,0,0,0,0,0.447058824000000,0.011764706000000,0,0,0,0.000000000000000,2
55,Mississippi,Pool 8,2005,0,0,0,0,0,0,0,5,0.000000000000000,0,1.000000000000000,0,0,0,51.245614040000000,0.017543860000000,0,0,0,0,0,0,0,0.000000000000000,0,0,0,2.456140351000000,0,0,0,0,0,0.157894737000000,0.035087719000000,0,0,4.421052632000000,0.140350877000000,0,0,0,0.754385965000000,0.000000000000000,0,2,2,0.192982456000000,0,0,0,0,0,0,0,6.754385965000000,0,0,0,0,0,0,1,0,19,0.228070175000000,0,2,0.052631579000000,0.000000000000000,0,0,1,0.000000000000000,0,0,0,0,0,1,0,0,0,0,0,0.000000000000000,0,4,0,0,0.035087719000000,1,1,0,0,0,0,10.561403510000000,0.298245614000000,0,0,3,0.000000000000000,0,0.000000000000000,4,0,0.017543860000000,0,0,0,1,0,0,0,0,0,0.000000000000000,0,0,0,1,0.000000000000000,0,0,4,0,0,0,0,0.508771930000000,0.000000000000000,0,0,0,0.000000000000000,2
56,Mississippi,Pool 8,2006,0,0,0,0,0,0,0,9,0.000000000000000,0,1.140350877000000,0,8,0,45.736842109999998,0.000000000000000,0,0,0,0,0,0,0,0.000000000000000,0,0,0,3.684210526000000,0,0,0,0,0,0.105263158000000,0.035087719000000,0,0,31.578947370000002,0.105263158000000,0,0,0,0.280701754000000,0.000000000000000,0,2,0,0.280701754000000,0,0,0,0,0,0,0,46.017543860000004,0,0,0,0,0,0,1,0,29,0.052631579000000,0,4,0.000000000000000,0.000000000000000,0,0,1,0.000000000000000,0,0,0,0,0,0,0,0,0,0,0,0.000000000000000,0,3,0,0,0.000000000000000,0,2,0,0,0,0,15.210526320000000,0.035087719000000,0,0,6,0.000000000000000,0,0.070175439000000,4,0,0.017543860000000,0,0,0,1,0,0,0,0,0,0.000000000000000,0,0,0,1,0.000000000000000,0,0,6,0,0,0,0,0.245614035000000,0.070175439000000,0,0,0,0.000000000000000,1
57,Mississippi,Pool 8,2007,0,0,0,0,0,0,0,4,0.000000000000000,0,1.824561404000000,0,1,0,43.473684210000002,0.052631579000000,0,0,0,0,0,0,0,0.000000000000000,0,0,1,2.263157895000000,0,0,0,0,0,0.385964912000000,0.000000000000000,0,0,6.052631579000000,0.122807018000000,0,0,0,0.894736842000000,0.000000000000000,0,2,0,0.175438597000000,0,0,0,0,0,0,0,88.000000000000000,0,0,0,0,0,0,1,0,25,0.087719298000000,0,4,0.017543860000000,0.000000000000000,0,0,1,0.035087719000000,0,0,0,0,0,0,0,0,0,0,0,0.000000000000000,0,2,0,0,0.070175439000000,0,1,0,0,0,0,3.017543860000000,0.631578947000000,0,0,5,0.000000000000000,0,0.035087719000000,3,0,0.087719298000000,0,0,0,1,0,0,0,0,1,0.000000000000000,0,0,0,3,0.000000000000000,0,0,2,1,0,0,0,0.543859649000000,0.017543860000000,0,0,0,0.000000000000000,2
58,Mississippi,Pool 8,2008,0,0,0,0,0,0,0,3,0.000000000000000,0,2.192982456000000,0,1,0,56.842105259999997,0.070175439000000,0,0,0,0,0,0,0,0.000000000000000,0,0,1,2.122807018000000,0,0,0,0,0,0.263157895000000,0.052631579000000,0,0,7.771929825000000,0.052631579000000,0,0,0,0.631578947000000,0.000000000000000,0,1,4,1.052631579000000,0,0,0,0,0,0,0,20.543859650000002,0,0,0,0,1,0,1,0,26,0.000000000000000,0,5,0.000000000000000,0.000000000000000,0,0,1,0.017543860000000,0,0,0,0,0,1,0,0,0,0,0,0.000000000000000,0,2,0,0,0.017543860000000,0,0,0,0,0,0,5.578947368000000,0.333333333000000,0,0,6,0.000000000000000,0,0.035087719000000,2,0,0.000000000000000,0,0,0,1,0,0,0,0,2,0.017543860000000,0,0,0,2,0.000000000000000,0,0,6,0,0,0,0,0.175438597000000,0.070175439000000,0,0,0,0.000000000000000,7
59,Mississippi,Pool 8,2009,0,0,0,0,0,0,0,6,0.000000000000000,0,1.035087719000000,0,2,0,12.210526320000000,0.000000000000000,0,0,0,0,0,0,0,0.000000000000000,0,0,0,1.122807018000000,0,0,0,0,0,0.280701754000000,0.000000000000000,0,0,25.964912280000000,0.122807018000000,0,0,0,0.315789474000000,0.000000000000000,0,1,1,0.035087719000000,0,0,0,0,0,0,0,1.789473684000000,0,0,0,0,0,0,2,0,10,0.035087719000000,0,15,0.000000000000000,0.000000000000000,0,0,1,0.000000000000000,0,0,0,0,0,0,0,0,0,0,0,0.000000000000000,0,1,0,0,0.000000000000000,0,1,0,0,0,0,5.929824561000000,0.192982456000000,0,0,4,0.000000000000000,0,0.000000000000000,1,0,0.052631579000000,0,0,0,1,0,0,0,0,3,0.000000000000000,0,0,0,3,0.000000000000000,0,0,3,0,0,0,0,0.017543860000000,0.035087719000000,0,0,0,0.000000000000000,9
60,Mississippi,Pool 8,2010,0,0,0,0,0,0,0,1,0.000000000000000,0,0.576470588000000,0,1,0,21.094117650000001,0.011764706000000,0,0,0,0,0,0,0,0.000000000000000,0,0,0,2.070588235000000,0,0,0,0,0,0.094117647000000,0.011764706000000,0,0,10.329411770000000,0.105882353000000,0,0,0,0.717647059000000,0.000000000000000,0,1,2,0.164705882000000,0,0,0,0,0,0,0,0.823529412000000,0,0,0,0,0,0,1,0,17,0.200000000000000,0,5,0.058823529000000,0.000000000000000,0,0,1,0.000000000000000,0,0,0,0,0,1,0,0,0,0,0,0.000000000000000,0,2,0,0,0.035294118000000,0,0,0,0,0,0,4.400000000000000,0.164705882000000,0,0,4,0.000000000000000,0,0.000000000000000,2,0,0.058823529000000,0,0,0,0,0,0,0,0,2,0.000000000000000,0,0,0,2,0.000000000000000,0,0,8,0,0,0,0,0.164705882000000,0.000000000000000,0,0,0,0.000000000000000,9
61,Mississippi,Pool 8,2011,0,0,0,0,0,0,0,1,0.000000000000000,0,0.530120482000000,0,1,0,46.048192770000000,0.024096386000000,0,0,0,0,0,0,0,0.000000000000000,0,0,1,1.602409639000000,0,0,0,0,0,0.289156627000000,0.012048193000000,0,0,2.373493976000000,0.084337349000000,0,0,0,0.638554217000000,0.000000000000000,0,1,1,0.156626506000000,0,0,0,0,0,0,0,0.602409639000000,0,0,0,0,0,0,2,0,22,0.457831325000000,0,1,0.036144578000000,0.000000000000000,0,0,1,0.000000000000000,0,0,0,0,0,1,0,0,0,0,0,0.000000000000000,0,3,0,0,0.024096386000000,0,0,0,0,0,0,2.204819277000000,0.253012048000000,0,0,4,0.024096386000000,0,0.012048193000000,3,0,0.048192771000000,0,0,0,1,0,0,0,0,2,0.000000000000000,0,0,0,2,0.000000000000000,0,0,3,0,0,0,0,0.108433735000000,0.000000000000000,0,0,0,0.000000000000000,8
62,Mississippi,Pool 8,2012,0,0,0,0,0,0,0,1,0.000000000000000,0,1.435294118000000,0,1,0,42.211764709999997,0.011764706000000,0,0,0,0,0,0,0,0.000000000000000,0,0,1,1.752941177000000,0,0,0,0,0,0.223529412000000,0.035294118000000,0,0,10.800000000000001,0.188235294000000,0,0,0,0.494117647000000,0.000000000000000,0,1,2,0.258823529000000,0,0,0,0,0,0,0,1.882352941000000,0,0,0,0,0,0,1,0,18,0.352941177000000,0,2,0.082352941000000,0.000000000000000,0,0,0,0.000000000000000,0,0,0,0,0,0,0,0,0,0,0,0.000000000000000,0,2,0,0,0.023529412000000,0,0,0,0,0,0,2.435294118000000,0.352941177000000,0,0,5,0.000000000000000,0,0.000000000000000,2,0,0.070588235000000,0,0,0,1,0,0,0,0,1,0.000000000000000,0,0,0,2,0.000000000000000,0,0,10,0,0,0,0,0.176470588000000,0.000000000000000,0,0,0,0.000000000000000,4
63,Mississippi,Pool 8,2013,0,0,0,0,0,0,0,5,0.000000000000000,0,1.011904762000000,0,1,0,34.547619050000002,0.000000000000000,0,0,0,0,0,0,0,0.000000000000000,0,0,0,1.738095238000000,0,0,0,0,0,0.273809524000000,0.023809524000000,0,0,10.416666670000000,0.202380952000000,0,0,0,1.261904762000000,0.000000000000000,0,1,2,0.000000000000000,0,0,0,0,0,0,0,4.071428571000000,0,0,0,0,0,0,1,0,13,0.571428571000000,0,3,0.095238095000000,0.000000000000000,0,0,1,0.000000000000000,0,0,0,0,0,0,0,0,0,0,0,0.000000000000000,0,4,0,0,0.059523810000000,0,1,0,0,0,0,8.095238094999999,0.154761905000000,0,0,5,0.000000000000000,0,0.000000000000000,1,0,0.107142857000000,0,0,0,1,0,0,0,0,1,0.000000000000000,0,0,0,2,0.000000000000000,0,0,13,0,0,0,0,0.428571429000000,0.011904762000000,0,0,0,0.000000000000000,11
64,Mississippi,Pool 13,1993,0,0,0,0,0,0,0,1,0.000000000000000,0,0.576923077000000,0,0,0,5.461538462000000,0.384615385000000,0,0,0,0,0,0,0,0.000000000000000,0,0,0,9.403846154000000,0,0,0,0,0,0.384615385000000,0.000000000000000,0,0,5.942307692000000,0.115384615000000,0,0,0,1.500000000000000,0.000000000000000,0,0,0,0.000000000000000,0,0,0,0,0,0,0,2.884615385000000,0,0,0,0,0,0,0,0,4,0.211538462000000,0,0,0.230769231000000,0.000000000000000,0,0,0,1.403846154000000,0,0,0,0,0,0,0,0,0,0,0,0.000000000000000,0,0,0,0,0.153846154000000,0,1,0,0,0,0,0.557692308000000,0.673076923000000,0,0,1,0.000000000000000,0,0.442307692000000,0,0,0.115384615000000,0,0,0,0,0,0,0,0,0,1.096153846000000,0,0,0,0,0.000000000000000,0,0,0,1,0,0,0,0.634615385000000,0.730769231000000,0,0,0,0.000000000000000,0
65,Mississippi,Pool 13,1994,0,0,0,0,0,0,0,1,0.016666667000000,0,0.866666667000000,0,0,0,6.666666667000000,0.266666667000000,0,0,0,0,0,0,0,0.000000000000000,0,0,0,13.383333329999999,0,0,0,0,0,0.566666667000000,0.000000000000000,0,0,19.716666669999999,0.300000000000000,0,0,0,3.866666667000000,0.000000000000000,0,0,0,0.000000000000000,0,0,0,0,0,0,0,22.283333330000001,1,0,0,0,0,0,0,0,3,0.016666667000000,0,0,0.100000000000000,0.000000000000000,0,0,0,0.133333333000000,0,0,0,0,0,0,0,0,0,0,0,0.000000000000000,0,0,0,0,1.850000000000000,0,3,0,0,0,0,1.400000000000000,0.900000000000000,0,0,1,0.000000000000000,0,1.166666667000000,0,0,0.166666667000000,0,0,0,0,0,0,0,0,0,0.783333333000000,0,0,0,0,0.000000000000000,0,0,0,1,0,0,0,3.900000000000000,0.900000000000000,0,0,0,0.016666667000000,0
66,Mississippi,Pool 13,1995,0,0,0,0,0,0,0,0,0.000000000000000,0,1.118644068000000,0,0,0,8.932203390000000,0.220338983000000,0,0,0,0,0,0,0,0.000000000000000,0,0,0,9.118644068000000,0,0,0,0,0,0.237288136000000,0.000000000000000,0,0,5.016949153000000,0.254237288000000,0,0,0,2.016949153000000,0.000000000000000,0,0,0,0.000000000000000,0,0,0,0,0,0,0,5.050847458000000,0,0,0,0,0,0,0,0,5,0.033898305000000,0,0,0.016949153000000,0.000000000000000,0,0,0,0.559322034000000,0,0,0,0,0,1,0,0,0,0,0,0.000000000000000,0,0,0,0,0.644067797000000,0,1,0,0,0,0,0.389830509000000,0.423728814000000,0,0,0,0.000000000000000,0,1.067796610000000,0,0,0.033898305000000,0,0,0,0,0,0,0,0,0,0.135593220000000,0,0,0,0,0.000000000000000,0,0,0,0,0,0,0,1.576271186000000,0.593220339000000,0,0,0,0.050847458000000,0
67,Mississippi,Pool 13,1996,0,0,0,0,0,0,0,2,0.000000000000000,0,0.888888889000000,0,0,0,23.380952380000000,0.317460318000000,0,0,0,0,0,0,0,0.000000000000000,0,0,0,11.285714290000000,0,0,0,0,0,0.555555556000000,0.000000000000000,1,0,9.841269841000001,0.317460318000000,0,0,0,2.333333333000000,0.000000000000000,0,0,1,0.015873016000000,0,0,0,0,0,0,0,5.031746032000000,0,0,0,0,0,0,0,0,7,0.063492064000000,0,0,0.031746032000000,0.000000000000000,0,0,0,3.936507937000000,0,0,0,0,0,2,0,0,0,0,0,0.000000000000000,0,0,0,0,0.285714286000000,0,2,0,0,0,0,0.682539683000000,0.809523810000000,0,0,1,0.000000000000000,0,0.460317460000000,0,0,0.142857143000000,0,0,0,1,0,0,0,0,0,0.253968254000000,0,0,0,0,0.000000000000000,0,0,0,0,0,0,0,1.015873016000000,0.523809524000000,0,0,0,0.269841270000000,0
68,Mississippi,Pool 13,1997,0,0,0,0,0,0,0,3,0.032786885000000,0,0.639344262000000,0,0,0,20.885245900000001,0.508196721000000,0,0,0,0,0,0,0,0.000000000000000,0,0,0,8.016393443000000,0,0,0,0,0,0.540983607000000,0.000000000000000,2,0,13.704918030000000,0.147540984000000,0,0,0,2.721311475000000,0.000000000000000,0,0,0,0.032786885000000,0,0,0,0,0,0,0,12.836065570000001,0,0,0,0,0,0,1,0,7,0.098360656000000,0,0,0.081967213000000,0.000000000000000,0,0,0,3.983606557000000,0,0,0,0,0,2,0,0,0,0,0,0.000000000000000,0,0,0,0,0.688524590000000,0,3,0,0,0,0,1.081967213000000,1.000000000000000,0,0,1,0.000000000000000,0,0.459016393000000,0,0,0.098360656000000,0,0,0,1,0,0,0,0,0,0.163934426000000,0,0,0,0,0.000000000000000,0,0,0,1,0,0,0,1.032786885000000,0.901639344000000,0,0,0,0.049180328000000,0
69,Mississippi,Pool 13,1998,0,0,0,0,0,0,0,2,0.016129032000000,0,2.048387097000000,0,1,0,21.435483869999999,0.403225807000000,0,0,0,0,0,0,0,0.000000000000000,0,0,0,8.225806452000001,0,0,0,0,0,0.629032258000000,0.016129032000000,1,0,24.564516130000001,0.258064516000000,0,0,0,1.016129032000000,0.000000000000000,0,0,1,0.000000000000000,0,0,0,0,0,0,0,25.387096769999999,0,0,0,0,0,0,1,0,6,0.096774194000000,0,0,0.016129032000000,0.000000000000000,0,0,0,1.741935484000000,0,0,0,0,0,1,0,0,0,0,0,0.000000000000000,0,0,0,0,0.419354839000000,0,3,0,0,0,0,0.967741936000000,1.548387097000000,0,0,3,0.000000000000000,0,0.467741936000000,0,0,0.145161290000000,0,0,0,1,0,0,0,0,1,0.225806452000000,0,0,0,0,0.000000000000000,0,0,0,1,0,0,0,2.258064516000000,1.403225807000000,0,0,0,0.048387097000000,0
70,Mississippi,Pool 13,1999,0,0,0,0,0,0,0,1,0.016129032000000,0,1.516129032000000,0,1,0,28.903225809999999,0.048387097000000,0,0,0,0,0,0,0,0.000000000000000,0,0,0,4.790322581000000,0,0,0,0,0,0.306451613000000,0.032258065000000,0,0,22.016129029999998,0.112903226000000,0,0,0,1.129032258000000,0.000000000000000,0,0,2,0.016129032000000,0,0,0,0,0,0,0,87.209677420000006,0,0,0,0,0,0,0,0,8,0.209677419000000,0,3,0.016129032000000,0.000000000000000,0,0,0,2.129032258000000,0,0,0,0,0,1,0,0,0,0,0,0.000000000000000,0,0,0,0,0.129032258000000,0,2,0,0,0,0,1.467741936000000,0.822580645000000,0,0,1,0.000000000000000,0,0.435483871000000,0,0,0.129032258000000,0,0,0,0,0,0,0,0,0,0.112903226000000,0,0,0,0,0.000000000000000,0,0,0,0,0,0,0,0.693548387000000,1.322580645000000,0,0,0,0.016129032000000,0
71,Mississippi,Pool 13,2000,0,0,0,0,0,0,0,4,0.063492064000000,0,1.650793651000000,0,1,0,10.000000000000000,0.460317460000000,0,0,0,0,0,0,0,0.000000000000000,0,0,0,6.571428571000000,0,0,0,0,0,1.079365079000000,0.000000000000000,0,0,33.666666669999998,0.158730159000000,0,0,0,1.476190476000000,0.000000000000000,0,0,1,0.000000000000000,0,0,0,0,0,0,0,21.984126979999999,0,0,0,0,0,0,0,0,6,0.111111111000000,0,9,0.015873016000000,0.000000000000000,0,0,0,5.761904762000000,0,0,0,0,0,1,0,0,0,0,0,0.000000000000000,0,0,0,0,0.571428571000000,0,3,0,0,0,0,2.269841270000000,0.888888889000000,0,0,1,0.000000000000000,0,0.253968254000000,0,0,0.142857143000000,0,0,0,0,0,0,0,0,0,0.285714286000000,0,0,0,0,0.000000000000000,0,0,0,0,0,0,0,1.412698413000000,0.555555556000000,0,0,0,0.079365079000000,0
72,Mississippi,Pool 13,2001,0,0,0,0,0,0,0,1,0.000000000000000,0,0.634920635000000,0,0,0,4.222222222000000,0.190476191000000,0,0,0,0,0,0,0,0.000000000000000,0,0,0,2.238095238000000,0,0,0,0,0,0.396825397000000,0.000000000000000,0,0,27.523809520000000,0.031746032000000,0,0,0,0.269841270000000,0.015873016000000,0,0,1,0.000000000000000,0,0,0,0,0,0,0,20.253968250000000,0,0,0,0,0,0,0,0,4,0.063492064000000,0,4,0.063492064000000,0.000000000000000,0,0,0,1.079365079000000,0,0,0,0,0,0,0,0,0,0,0,0.000000000000000,0,0,0,0,0.285714286000000,0,4,0,0,0,0,3.730158730000000,0.809523810000000,0,0,1,0.000000000000000,0,0.031746032000000,0,0,0.079365079000000,0,0,0,0,0,0,0,0,0,0.238095238000000,0,0,0,0,0.000000000000000,0,0,0,0,0,0,0,0.666666667000000,0.523809524000000,0,0,0,0.031746032000000,0
73,Mississippi,Pool 13,2002,0,0,0,0,0,0,0,1,0.095238095000000,0,0.507936508000000,0,0,0,13.888888890000000,0.301587302000000,0,0,0,0,0,0,0,0.000000000000000,0,0,0,4.873015873000000,0,0,0,0,0,0.365079365000000,0.000000000000000,0,0,13.460317460000001,0.206349206000000,0,0,0,0.761904762000000,0.000000000000000,0,0,1,0.031746032000000,0,0,0,0,0,0,0,9.571428571000000,0,0,0,0,0,0,0,0,7,0.047619048000000,0,4,0.031746032000000,0.000000000000000,0,0,0,5.015873016000000,0,0,0,0,0,1,0,0,0,0,0,0.000000000000000,0,1,0,0,0.222222222000000,0,1,0,0,0,0,2.111111111000000,0.523809524000000,0,0,1,0.000000000000000,0,0.539682540000000,0,0,0.444444444000000,0,0,0,0,0,0,0,0,0,0.174603175000000,0,0,0,0,0.000000000000000,0,0,0,0,0,0,0,1.253968254000000,1.396825397000000,0,0,0,0.047619048000000,1
74,Mississippi,Pool 13,2003,0,0,0,0,0,0,0,2,0.190476191000000,0,1.809523810000000,0,0,0,32.952380949999998,0.714285714000000,0,0,0,0,0,0,0,0.000000000000000,0,0,0,11.333333330000000,0,0,0,0,0,1.000000000000000,0.000000000000000,0,0,22.666666670000001,0.095238095000000,0,0,0,0.857142857000000,0.000000000000000,0,0,0,0.047619048000000,0,0,0,0,0,0,0,2.333333333000000,0,0,0,0,0,0,0,0,21,0.095238095000000,0,3,0.000000000000000,0.000000000000000,0,0,0,3.142857143000000,0,0,0,0,0,2,0,0,0,0,0,0.000000000000000,0,0,0,0,0.095238095000000,0,3,0,0,0,0,2.047619048000000,0.761904762000000,0,0,1,0.000000000000000,0,0.476190476000000,1,0,0.428571429000000,0,0,0,1,0,0,0,0,0,0.428571429000000,0,0,0,0,0.000000000000000,0,0,0,0,0,0,0,1.333333333000000,0.714285714000000,0,0,0,0.238095238000000,1
75,Mississippi,Pool 13,2004,0,0,0,0,0,0,0,1,0.190476191000000,0,0.444444444000000,0,0,0,9.396825397000001,0.825396825000000,0,0,0,0,0,0,0,0.000000000000000,0,0,0,6.539682540000000,0,0,0,0,0,0.539682540000000,0.000000000000000,0,0,12.571428570000000,0.349206349000000,0,0,0,1.412698413000000,0.000000000000000,0,0,3,0.079365079000000,0,0,0,0,0,0,0,11.920634919999999,0,0,0,0,0,0,0,0,7,0.047619048000000,0,3,0.047619048000000,0.000000000000000,0,0,0,1.095238095000000,0,0,0,0,0,1,0,0,0,0,0,0.000000000000000,0,1,0,0,0.333333333000000,0,1,0,0,0,0,1.476190476000000,0.539682540000000,0,0,2,0.000000000000000,0,0.396825397000000,0,0,0.126984127000000,0,0,0,0,0,0,0,0,1,0.079365079000000,0,0,0,0,0.000000000000000,0,0,0,0,0,0,0,0.952380952000000,0.507936508000000,0,0,0,0.031746032000000,3
76,Mississippi,Pool 13,2005,0,0,0,0,0,0,0,3,0.000000000000000,0,0.595238095000000,0,1,0,26.690476189999998,0.571428571000000,0,0,0,0,0,0,0,0.000000000000000,0,0,0,7.714285714000000,0,0,0,0,0,0.690476191000000,0.000000000000000,0,0,20.809523810000002,0.214285714000000,0,0,0,2.476190476000000,0.000000000000000,0,0,1,0.119047619000000,0,0,0,0,0,0,0,19.595238100000000,0,0,0,0,0,0,1,0,15,0.142857143000000,0,6,0.000000000000000,0.000000000000000,0,0,0,1.880952381000000,0,0,0,0,0,2,0,0,0,0,0,0.000000000000000,0,2,0,0,0.309523810000000,0,5,0,0,0,0,3.047619048000000,0.547619048000000,0,0,3,0.000000000000000,0,0.142857143000000,0,0,0.214285714000000,0,0,0,1,0,0,0,0,0,0.119047619000000,0,0,0,0,0.000000000000000,0,0,0,0,0,0,0,0.523809524000000,1.095238095000000,0,0,0,0.190476191000000,4
77,Mississippi,Pool 13,2006,0,0,0,0,0,0,0,1,0.023809524000000,0,0.404761905000000,0,1,0,18.761904760000000,0.452380952000000,0,0,0,0,0,0,0,0.000000000000000,0,0,0,6.666666667000000,0,0,0,0,0,0.761904762000000,0.000000000000000,0,0,10.642857140000000,0.142857143000000,0,0,0,1.595238095000000,0.000000000000000,0,0,1,0.119047619000000,0,0,0,0,0,0,0,2.738095238000000,0,0,0,0,0,0,0,0,16,0.047619048000000,0,9,0.000000000000000,0.000000000000000,0,0,0,1.619047619000000,0,0,0,0,0,7,0,0,0,0,0,0.000000000000000,0,5,0,0,0.238095238000000,0,2,0,0,0,0,1.619047619000000,0.119047619000000,0,0,3,0.000000000000000,0,0.547619048000000,1,0,0.238095238000000,0,0,0,0,0,0,0,0,0,0.023809524000000,0,0,0,0,0.000000000000000,0,0,0,0,0,0,0,0.333333333000000,0.666666667000000,0,0,0,0.238095238000000,1
78,Mississippi,Pool 13,2007,0,0,0,0,0,0,0,1,0.206349206000000,0,0.793650794000000,0,0,0,15.936507940000000,0.666666667000000,0,0,0,0,0,0,0,0.000000000000000,0,0,0,4.714285714000000,0,0,0,0,0,0.428571429000000,0.000000000000000,0,0,3.079365079000000,0.349206349000000,0,0,0,2.476190476000000,0.000000000000000,0,0,1,0.111111111000000,0,0,0,0,0,0,0,32.428571429999998,0,0,0,0,0,0,1,0,11,0.095238095000000,0,0,0.000000000000000,0.000000000000000,0,0,0,2.476190476000000,0,0,0,0,0,2,0,0,0,0,0,0.000000000000000,0,1,0,0,0.682539683000000,0,1,0,0,0,0,3.000000000000000,0.253968254000000,0,0,2,0.000000000000000,0,0.253968254000000,1,0,0.253968254000000,0,0,0,0,0,0,0,0,2,0.000000000000000,0,0,0,0,0.000000000000000,0,0,0,0,0,0,0,0.873015873000000,0.396825397000000,0,0,0,0.253968254000000,1
79,Mississippi,Pool 13,2008,0,0,0,0,0,0,0,1,0.174603175000000,0,1.015873016000000,0,0,0,24.285714290000001,0.984126984000000,0,0,0,0,0,0,0,0.000000000000000,0,0,0,4.079365079000000,0,0,0,0,0,1.650793651000000,0.000000000000000,0,0,26.460317459999999,0.158730159000000,0,0,0,1.539682540000000,0.000000000000000,0,0,1,0.777777778000000,0,0,0,0,0,0,0,13.111111110000000,0,0,0,0,0,0,1,0,10,0.174603175000000,0,3,0.095238095000000,0.000000000000000,0,0,0,1.920634921000000,0,0,0,0,0,3,0,0,0,0,0,0.000000000000000,0,1,0,0,0.285714286000000,0,2,0,0,0,0,1.793650794000000,0.523809524000000,0,0,2,0.000000000000000,0,29.746031750000000,1,0,0.158730159000000,0,0,0,1,0,0,0,0,1,0.000000000000000,0,0,0,0,0.000000000000000,0,0,0,0,0,0,0,1.142857143000000,0.634920635000000,0,0,0,0.190476191000000,3
80,Mississippi,Pool 13,2009,0,0,0,0,0,0,0,0,0.380952381000000,0,1.095238095000000,0,0,0,5.111111111000000,0.793650794000000,0,0,0,0,0,0,0,0.000000000000000,0,0,0,5.380952381000000,0,0,0,0,0,0.936507937000000,0.000000000000000,0,0,35.095238100000003,0.142857143000000,0,0,0,1.793650794000000,0.000000000000000,0,0,1,0.031746032000000,0,0,0,0,0,0,0,9.936507937000000,0,0,0,0,0,0,0,0,10,0.174603175000000,0,7,0.063492064000000,0.000000000000000,0,0,0,3.269841270000000,0,0,0,0,0,1,0,0,0,0,0,0.000000000000000,0,0,0,0,1.206349206000000,0,10,0,0,0,0,1.857142857000000,0.333333333000000,0,0,3,0.000000000000000,0,0.507936508000000,0,0,0.142857143000000,0,0,0,0,0,0,0,0,0,0.031746032000000,0,0,0,0,0.000000000000000,0,0,0,1,0,0,0,0.523809524000000,0.412698413000000,0,0,0,0.000000000000000,1
81,Mississippi,Pool 13,2010,0,0,0,0,0,0,0,0,0.047619048000000,0,0.206349206000000,0,0,0,7.968253968000000,0.111111111000000,0,0,0,0,0,0,0,0.000000000000000,0,0,0,3.841269841000000,0,0,0,0,0,0.333333333000000,0.000000000000000,0,0,11.079365080000001,0.095238095000000,0,0,0,0.841269841000000,0.000000000000000,0,0,1,0.095238095000000,0,0,0,0,0,0,0,12.555555560000000,0,0,0,0,0,0,0,0,6,0.285714286000000,0,2,0.000000000000000,0.000000000000000,0,0,0,1.301587302000000,0,0,0,0,0,1,0,0,0,0,0,0.000000000000000,0,1,0,0,0.873015873000000,0,1,0,0,0,0,0.365079365000000,0.730158730000000,0,0,1,0.000000000000000,0,0.269841270000000,1,0,0.158730159000000,0,0,0,0,0,0,0,0,0,0.047619048000000,0,0,0,0,0.000000000000000,0,0,0,0,0,0,0,0.460317460000000,0.000000000000000,0,0,0,0.047619048000000,3
82,Mississippi,Pool 13,2011,0,0,0,0,0,0,0,0,0.444444444000000,0,0.507936508000000,0,0,0,24.238095240000000,0.317460318000000,0,0,0,0,0,0,0,0.000000000000000,0,0,0,3.555555556000000,0,0,0,0,0,1.365079365000000,0.000000000000000,0,0,11.666666670000000,0.365079365000000,0,0,0,1.269841270000000,0.000000000000000,0,0,0,1.095238095000000,0,0,0,0,0,0,0,16.539682540000001,0,0,0,0,0,0,1,0,13,0.269841270000000,0,2,0.365079365000000,0.000000000000000,0,0,0,0.730158730000000,0,0,0,0,0,4,0,0,0,0,0,0.000000000000000,0,1,0,0,0.365079365000000,0,0,0,0,0,0,2.095238095000000,0.777777778000000,0,0,2,0.000000000000000,0,1.079365079000000,1,0,0.206349206000000,0,0,0,0,0,0,0,0,1,0.126984127000000,0,0,0,0,0.000000000000000,0,0,0,0,0,2,0,0.920634921000000,0.301587302000000,0,0,0,0.000000000000000,2
83,Mississippi,Pool 13,2012,0,0,0,0,0,0,0,2,0.306451613000000,0,0.741935484000000,0,1,0,15.451612900000001,0.403225807000000,0,0,0,0,0,0,0,0.000000000000000,0,0,0,3.629032258000000,0,0,0,0,0,1.403225807000000,0.000000000000000,0,0,4.241935484000000,0.838709677000000,0,0,0,0.919354839000000,0.000000000000000,0,0,2,0.387096774000000,0,0,0,0,0,0,0,12.612903230000001,0,0,0,0,0,0,0,0,13,0.112903226000000,0,1,0.064516129000000,0.000000000000000,0,0,0,1.387096774000000,0,0,0,0,0,4,0,0,0,0,0,0.000000000000000,0,0,0,0,0.580645161000000,0,0,0,0,0,0,1.467741936000000,0.306451613000000,0,0,2,0.000000000000000,0,0.451612903000000,1,0,0.064516129000000,0,0,0,0,0,0,0,0,0,0.290322581000000,0,0,0,0,0.000000000000000,0,0,0,0,0,0,0,1.112903226000000,0.290322581000000,0,0,0,0.000000000000000,9
84,Mississippi,Pool 13,2013,0,0,0,0,0,0,0,1,0.238095238000000,0,1.460317460000000,0,0,0,18.888888890000000,0.222222222000000,0,0,0,0,0,0,0,0.000000000000000,0,0,0,3.158730159000000,0,0,0,0,0,0.619047619000000,0.000000000000000,0,0,15.682539680000000,0.666666667000000,0,0,0,1.126984127000000,0.000000000000000,0,0,4,0.809523810000000,0,0,0,0,0,0,0,1.571428571000000,0,0,0,0,0,0,0,0,7,0.158730159000000,0,2,0.047619048000000,0.000000000000000,0,0,0,0.603174603000000,0,0,0,0,0,2,0,0,0,0,0,0.000000000000000,0,1,0,0,0.047619048000000,0,1,0,0,0,0,2.174603175000000,0.142857143000000,0,0,2,0.000000000000000,0,0.396825397000000,1,0,0.126984127000000,0,0,0,0,0,0,0,0,1,0.015873016000000,0,0,0,0,0.000000000000000,0,0,0,0,0,0,0,0.380952381000000,0.396825397000000,0,0,0,0.015873016000000,2
85,Mississippi,Pool 26,1993,0,0,0,0,0,0,0,0,0.151515152000000,0,0.454545455000000,0,0,0,5.303030303000000,8.272727272999999,0,0,0,0,0,0,0,0.000000000000000,0,0,0,9.090909091000000,0,0,0,0,0,5.060606061000000,0.000000000000000,0,0,14.575757579999999,0.606060606000000,0,0,0,4.848484849000000,0.060606061000000,0,0,0,1.848484849000000,0,0,0,0,0,0,0,125.363636400000000,0,0,0,0,0,0,0,0,2,0.030303030000000,0,0,0.333333333000000,0.000000000000000,0,0,0,2.242424242000000,0,0,0,0,0,0,0,0,0,0,0,0.272727273000000,0,0,0,0,0.393939394000000,0,1,0,0,0,0,0.575757576000000,0.666666667000000,0,0,0,0.242424242000000,0,5.242424242000000,0,0,0.666666667000000,0,0,0,0,0,0,0,0,0,0.727272727000000,0,0,0,0,0.090909091000000,0,0,0,0,0,1,0,10.424242420000001,0.484848485000000,0,0,0,0.030303030000000,0
86,Mississippi,Pool 26,1994,0,0,0,0,0,0,0,1,0.487179487000000,0,1.089743590000000,0,0,0,7.858974359000000,0.576923077000000,0,0,0,0,0,0,0,0.000000000000000,0,0,0,14.987179490000001,0,0,0,0,0,2.205128205000000,0.012820513000000,0,0,1.615384615000000,1.205128205000000,0,0,0,5.102564103000000,0.051282051000000,0,0,0,0.653846154000000,0,0,0,0,0,0,0,27.474358970000001,0,0,0,0,0,0,0,0,3,0.025641026000000,0,0,0.000000000000000,0.192307692000000,0,0,0,3.525641026000000,0,0,0,0,0,0,0,0,0,0,0,0.038461539000000,0,0,0,0,0.935897436000000,0,1,0,0,0,0,0.205128205000000,1.025641026000000,0,0,0,0.141025641000000,0,3.282051282000000,0,0,0.692307692000000,0,0,0,0,0,0,0,0,0,0.102564103000000,0,0,0,0,0.153846154000000,0,0,0,0,0,0,0,3.461538462000000,0.397435897000000,0,0,0,0.064102564000000,0
87,Mississippi,Pool 26,1995,0,0,0,0,0,0,0,1,0.311688312000000,0,0.519480520000000,0,0,0,3.402597403000000,0.688311688000000,0,0,0,0,0,0,0,0.000000000000000,0,0,0,15.922077920000000,0,0,0,0,0,2.051948052000000,0.000000000000000,0,0,2.922077922000000,1.077922078000000,0,0,0,4.051948052000000,1.636363636000000,0,0,0,0.012987013000000,0,0,0,0,0,0,0,98.961038959999996,0,0,0,0,0,0,0,0,1,0.077922078000000,0,0,0.532467533000000,0.337662338000000,0,0,0,0.259740260000000,0,0,0,0,0,0,0,0,0,0,0,0.012987013000000,0,0,0,0,1.207792208000000,0,0,0,0,0,0,0.389610390000000,0.506493507000000,0,0,0,0.480519481000000,0,4.857142857000000,0,0,1.103896104000000,0,0,0,0,0,0,0,0,0,0.103896104000000,0,0,0,0,0.012987013000000,0,0,0,0,0,0,0,1.727272727000000,0.142857143000000,0,0,0,0.012987013000000,0
88,Mississippi,Pool 26,1996,0,0,0,0,0,0,0,1,0.256410256000000,0,0.230769231000000,0,0,0,2.871794872000000,0.410256410000000,0,0,0,0,0,0,0,0.000000000000000,0,0,0,16.833333329999999,0,0,0,0,0,2.217948718000000,0.000000000000000,0,0,1.615384615000000,0.756410256000000,0,0,0,3.358974359000000,0.064102564000000,0,0,0,0.000000000000000,0,0,0,0,0,0,0,64.923076920000000,0,0,0,0,0,0,0,0,0,0.025641026000000,0,0,0.012820513000000,0.051282051000000,0,0,0,2.948717949000000,0,0,0,0,0,0,0,0,0,0,0,0.000000000000000,0,0,0,0,0.435897436000000,0,0,0,0,0,0,0.346153846000000,0.512820513000000,0,0,0,0.294871795000000,0,2.910256410000000,0,0,1.192307692000000,0,0,0,0,0,0,0,0,0,0.025641026000000,0,0,0,0,0.448717949000000,0,0,0,0,0,0,0,4.025641026000000,0.089743590000000,0,0,0,0.012820513000000,0
89,Mississippi,Pool 26,1997,0,0,0,0,0,0,0,2,0.441558442000000,0,0.233766234000000,0,0,0,4.623376623000000,0.792207792000000,0,0,0,0,0,0,0,0.000000000000000,0,0,0,17.376623380000002,0,0,0,0,0,2.311688312000000,0.012987013000000,1,0,8.389610390000000,0.636363636000000,0,0,0,3.558441558000000,0.012987013000000,0,0,0,0.285714286000000,0,0,0,0,0,0,0,52.311688310000001,0,0,0,0,0,0,0,0,0,0.025974026000000,0,0,0.000000000000000,0.324675325000000,0,0,0,3.454545455000000,0,0,0,0,0,0,0,0,0,0,0,0.038961039000000,0,0,0,0,0.792207792000000,0,1,0,0,0,0,1.285714286000000,0.558441558000000,0,0,0,1.038961039000000,0,2.805194805000000,0,0,1.584415584000000,0,0,0,0,0,0,0,0,0,0.103896104000000,0,0,0,0,0.025974026000000,0,0,0,0,0,0,0,2.012987013000000,0.103896104000000,0,0,0,0.038961039000000,0
90,Mississippi,Pool 26,1998,0,0,0,0,0,0,0,1,0.171052632000000,0,0.289473684000000,0,0,0,9.802631579000000,0.263157895000000,0,0,0,0,0,0,0,0.000000000000000,0,0,0,11.697368420000000,0,0,0,0,0,2.710526316000000,0.013157895000000,0,0,6.302631579000000,0.381578947000000,0,0,0,6.210526316000000,0.039473684000000,0,0,0,0.289473684000000,0,0,0,0,0,0,0,106.697368400000000,0,0,0,0,0,0,0,0,1,0.092105263000000,0,0,0.013157895000000,0.381578947000000,0,0,0,7.052631579000000,0,0,0,0,0,0,0,0,0,0,0,0.000000000000000,0,0,0,0,0.802631579000000,0,0,0,0,0,0,0.407894737000000,0.434210526000000,0,0,0,1.052631579000000,0,1.802631579000000,0,0,0.789473684000000,0,0,0,0,0,0,0,0,0,0.368421053000000,0,0,0,0,0.184210526000000,0,0,0,0,0,0,0,4.486842105000000,0.118421053000000,0,0,0,0.000000000000000,0
91,Mississippi,Pool 26,1999,0,0,0,0,0,0,0,2,0.342105263000000,0,0.263157895000000,0,0,0,5.197368421000000,0.473684211000000,0,0,0,0,0,0,0,0.000000000000000,0,0,0,14.815789470000000,0,0,0,0,0,3.855263158000000,0.000000000000000,1,0,6.986842105000000,0.447368421000000,0,0,0,4.434210526000000,0.013157895000000,0,0,0,0.118421053000000,0,0,0,0,0,0,0,62.842105259999997,0,0,0,0,0,0,0,0,1,0.078947368000000,0,0,0.078947368000000,2.684210526000000,0,0,0,6.144736842000000,0,0,0,0,0,0,0,0,0,0,0,0.144736842000000,0,0,0,0,1.513157895000000,0,0,0,0,0,0,0.618421053000000,0.394736842000000,0,0,0,1.500000000000000,0,2.539473684000000,0,0,1.052631579000000,0,0,0,0,0,0,0,0,0,0.210526316000000,0,0,0,0,0.092105263000000,0,0,0,0,0,0,0,3.000000000000000,0.250000000000000,0,0,0,0.000000000000000,0
92,Mississippi,Pool 26,2000,0,0,0,0,0,0,0,1,0.233766234000000,0,0.103896104000000,0,0,0,7.324675325000000,0.389610390000000,0,0,0,0,0,0,0,0.000000000000000,0,0,0,7.740259740000000,0,0,0,0,0,1.168831169000000,0.000000000000000,2,0,14.558441560000000,0.415584416000000,0,0,0,3.376623377000000,0.038961039000000,0,0,0,0.662337662000000,0,0,0,0,0,0,0,38.272727269999997,0,0,0,0,0,0,0,0,1,0.038961039000000,0,0,0.000000000000000,0.649350649000000,0,0,0,5.285714286000000,0,0,0,0,0,0,0,0,0,0,0,0.038961039000000,0,0,0,0,0.402597403000000,0,0,0,0,0,0,1.389610390000000,0.025974026000000,0,0,0,0.168831169000000,0,1.025974026000000,0,0,0.870129870000000,0,0,0,0,0,0,0,0,0,0.428571429000000,0,0,0,0,0.181818182000000,0,0,0,0,0,0,0,0.701298701000000,0.207792208000000,0,0,0,0.000000000000000,0
93,Mississippi,Pool 26,2001,0,0,0,0,0,0,0,7,0.103896104000000,0,0.402597403000000,0,0,0,6.064935065000000,0.506493507000000,0,0,0,0,0,0,0,0.000000000000000,0,0,0,7.883116883000000,0,0,0,0,0,2.194805195000000,0.000000000000000,8,0,5.012987013000000,0.454545455000000,0,0,0,4.649350649000000,0.103896104000000,0,0,0,1.935064935000000,0,0,0,0,0,0,0,25.558441559999999,0,0,0,0,0,0,0,0,3,0.012987013000000,0,0,0.207792208000000,0.012987013000000,0,0,0,3.441558442000000,0,0,0,0,0,0,0,0,0,0,0,0.259740260000000,0,0,0,0,0.857142857000000,0,1,0,0,0,0,3.077922078000000,0.519480520000000,0,0,0,0.610389610000000,0,1.207792208000000,0,0,0.558441558000000,0,0,0,0,0,0,0,0,0,0.129870130000000,0,0,0,0,2.000000000000000,0,0,0,0,0,0,0,2.649350649000000,0.272727273000000,0,0,0,0.116883117000000,0
94,Mississippi,Pool 26,2002,0,0,0,0,0,0,0,3,0.285714286000000,0,0.311688312000000,0,0,0,9.584415584000000,0.584415584000000,0,0,0,0,0,0,0,0.000000000000000,0,0,0,9.246753246999999,0,0,0,0,0,4.272727273000000,0.000000000000000,1,0,23.974025970000000,0.441558442000000,0,0,0,4.558441558000000,0.025974026000000,0,0,0,3.727272727000000,0,0,0,0,0,0,0,109.545454600000000,0,0,0,0,0,0,0,0,1,0.012987013000000,0,0,0.051948052000000,0.116883117000000,0,0,0,3.363636364000000,0,0,0,0,0,0,0,0,0,0,0,0.000000000000000,0,0,0,0,1.870129870000000,0,0,1,0,0,0,0.428571429000000,0.441558442000000,0,0,0,1.363636364000000,0,1.428571429000000,0,0,0.519480520000000,0,0,0,0,0,0,0,0,0,0.168831169000000,0,0,0,0,0.974025974000000,0,0,0,0,0,0,0,2.753246753000000,0.194805195000000,0,0,0,0.025974026000000,0
95,Mississippi,Pool 26,2003,0,0,0,0,0,0,0,7,0.102564103000000,0,0.115384615000000,0,0,0,4.615384615000000,0.320512821000000,0,0,0,0,0,0,0,0.000000000000000,0,0,0,6.974358974000000,0,0,0,0,0,2.025641026000000,0.000000000000000,1,0,11.487179490000001,0.576923077000000,0,0,0,6.807692308000000,0.038461539000000,0,0,0,2.064102564000000,0,0,0,0,0,0,0,25.166666670000001,0,0,0,0,0,0,0,0,1,0.000000000000000,0,0,0.038461539000000,0.153846154000000,0,0,0,4.012820513000000,0,0,0,0,0,0,0,0,0,0,0,0.038461539000000,0,0,0,0,0.948717949000000,0,0,0,0,0,0,1.641025641000000,0.115384615000000,0,0,0,0.269230769000000,0,1.820512821000000,0,0,0.910256410000000,0,0,0,0,0,0,0,0,0,0.076923077000000,0,0,0,0,0.333333333000000,0,0,0,0,0,0,0,2.141025641000000,0.128205128000000,0,0,0,0.128205128000000,0
96,Mississippi,Pool 26,2004,0,0,0,0,0,0,0,3,0.179487180000000,0,0.205128205000000,0,0,0,5.000000000000000,0.897435897000000,0,0,0,0,0,0,0,0.000000000000000,0,0,0,8.589743589999999,0,0,0,0,0,1.961538462000000,0.000000000000000,0,0,11.769230770000000,0.448717949000000,0,0,0,4.935897436000000,0.064102564000000,0,0,0,4.294871795000000,0,0,0,0,0,0,0,65.397435900000005,0,0,0,0,0,0,0,0,1,0.000000000000000,0,0,0.025641026000000,0.474358974000000,0,0,0,4.602564103000000,0,0,0,0,0,0,0,0,0,0,0,0.000000000000000,0,0,0,0,1.307692308000000,0,0,0,0,0,0,0.846153846000000,0.230769231000000,0,0,0,1.205128205000000,0,1.269230769000000,0,0,0.756410256000000,0,0,0,0,0,0,0,0,0,0.230769231000000,0,0,0,0,0.153846154000000,0,0,0,0,0,0,0,1.282051282000000,0.051282051000000,0,0,0,0.025641026000000,0
97,Mississippi,Pool 26,2005,0,0,0,0,0,0,0,5,0.076923077000000,0,0.250000000000000,0,0,0,7.442307692000000,0.365384615000000,0,0,0,0,0,0,0,0.000000000000000,0,0,0,6.173076923000000,0,0,0,0,0,2.807692308000000,0.000000000000000,2,0,18.750000000000000,0.326923077000000,0,0,0,5.923076923000000,0.000000000000000,0,0,0,2.038461539000000,0,0,0,0,0,0,0,34.884615390000000,0,0,0,0,0,0,0,0,1,0.000000000000000,0,0,0.019230769000000,0.076923077000000,0,0,0,3.730769231000000,0,0,0,0,0,0,0,0,0,0,0,0.019230769000000,0,0,0,0,0.730769231000000,0,1,0,0,0,0,1.961538462000000,0.153846154000000,0,0,1,0.480769231000000,0,1.461538462000000,0,0,0.576923077000000,0,0,0,0,0,0,0,0,0,0.384615385000000,0,0,0,0,0.019230769000000,0,0,0,0,0,0,0,2.538461539000000,0.096153846000000,0,0,0,0.019230769000000,0
98,Mississippi,Pool 26,2006,0,0,0,0,0,0,0,9,0.057692308000000,0,0.134615385000000,0,0,0,14.653846150000000,0.250000000000000,0,0,0,0,0,0,0,0.000000000000000,0,0,0,3.826923077000000,0,0,0,0,0,2.019230769000000,0.000000000000000,15,0,78.230769230000007,0.692307692000000,0,0,0,4.365384615000000,0.038461539000000,0,0,0,3.711538462000000,0,0,0,0,0,0,0,52.846153850000000,0,0,0,0,0,0,0,0,2,0.000000000000000,0,0,0.211538462000000,0.230769231000000,0,0,0,10.615384620000000,0,0,0,0,0,0,0,0,0,0,0,0.096153846000000,0,0,0,0,1.076923077000000,0,5,1,0,0,0,3.846153846000000,0.038461539000000,0,0,1,3.903846154000000,0,2.038461539000000,1,0,0.730769231000000,0,0,0,0,0,0,0,0,0,1.038461539000000,0,0,0,0,0.057692308000000,0,0,0,0,0,0,0,2.711538462000000,0.019230769000000,0,0,0,0.173076923000000,0
99,Mississippi,Pool 26,2007,0,0,0,0,0,0,0,5,0.128205128000000,0,0.166666667000000,0,0,0,14.500000000000000,0.333333333000000,0,0,0,0,0,0,0,0.000000000000000,0,0,0,3.666666667000000,0,0,0,0,0,1.461538462000000,0.000000000000000,3,0,24.461538460000000,0.602564103000000,0,0,0,6.076923077000000,0.089743590000000,0,0,0,5.064102564000000,0,0,0,0,0,0,0,55.179487180000002,0,0,0,0,0,0,0,0,1,0.012820513000000,0,0,0.051282051000000,3.705128205000000,0,0,0,5.910256410000000,0,0,0,0,0,0,0,0,0,0,0,0.025641026000000,0,0,0,0,2.307692308000000,0,1,0,0,0,0,1.717948718000000,0.269230769000000,0,0,0,0.371794872000000,0,1.384615385000000,1,0,1.153846154000000,0,0,0,0,0,0,0,0,0,0.064102564000000,4,0,0,0,0.025641026000000,0,0,0,0,0,0,0,2.525641026000000,0.115384615000000,0,0,0,0.128205128000000,0
100,Mississippi,Pool 26,2008,0,0,0,0,0,0,0,1,0.276315790000000,0,0.171052632000000,0,0,0,2.421052632000000,0.776315790000000,0,0,0,0,0,0,0,0.000000000000000,0,0,0,4.750000000000000,0,0,0,0,0,2.434210526000000,0.000000000000000,0,0,10.052631580000000,0.802631579000000,0,0,0,3.500000000000000,0.171052632000000,0,0,0,1.315789474000000,0,0,0,0,0,0,0,131.894736800000000,0,0,0,0,0,0,0,0,2,0.039473684000000,0,0,0.013157895000000,0.328947368000000,0,0,0,1.210526316000000,0,0,0,0,0,0,0,0,0,0,0,0.197368421000000,0,0,0,0,0.921052632000000,0,0,0,0,0,0,1.289473684000000,0.684210526000000,0,0,0,1.026315790000000,0,3.552631579000000,0,0,0.684210526000000,0,0,0,0,0,0,0,0,0,0.486842105000000,15,0,0,0,3.210526316000000,0,0,0,0,0,0,0,3.421052632000000,0.302631579000000,0,0,0,0.078947368000000,0
101,Mississippi,Pool 26,2009,0,0,0,0,0,0,0,0,0.302631579000000,0,0.513157895000000,0,0,0,4.657894737000000,0.552631579000000,0,0,0,0,0,0,0,0.000000000000000,0,0,0,3.342105263000000,0,0,0,0,0,2.776315790000000,0.000000000000000,0,0,8.697368421000000,0.697368421000000,0,0,0,6.355263158000000,0.105263158000000,0,0,0,2.039473684000000,0,0,0,0,0,0,0,33.078947370000002,0,0,0,0,0,0,0,0,1,0.131578947000000,0,0,0.026315790000000,0.065789474000000,0,0,0,0.394736842000000,0,0,0,0,0,0,0,0,0,0,0,0.039473684000000,0,0,0,0,1.000000000000000,0,0,0,0,0,0,0.407894737000000,0.105263158000000,0,0,0,0.171052632000000,0,1.644736842000000,0,0,0.697368421000000,0,0,0,0,0,0,0,0,0,0.078947368000000,3,0,0,0,0.131578947000000,0,0,0,0,0,0,0,2.223684211000000,0.026315790000000,0,0,0,0.026315790000000,0
102,Mississippi,Pool 26,2010,0,0,0,0,0,0,0,1,0.236842105000000,0,0.197368421000000,0,0,0,1.776315790000000,0.276315790000000,0,0,0,0,0,0,0,0.000000000000000,0,0,0,4.644736842000000,0,0,0,0,0,3.078947368000000,0.000000000000000,0,0,3.065789474000000,0.736842105000000,0,0,0,5.776315790000000,0.039473684000000,0,0,0,0.776315790000000,0,0,0,0,0,0,0,27.223684209999998,0,0,0,0,0,0,0,0,0,0.328947368000000,0,0,0.026315790000000,0.276315790000000,0,0,0,0.276315790000000,0,0,0,0,0,0,0,0,0,0,0,0.052631579000000,0,0,0,0,1.013157895000000,0,0,0,0,0,0,1.144736842000000,0.210526316000000,0,0,0,2.039473684000000,0,0.750000000000000,0,0,0.631578947000000,0,0,0,0,0,0,0,0,0,0.092105263000000,6,0,0,0,0.526315790000000,0,0,0,0,0,0,0,2.342105263000000,0.052631579000000,0,0,0,0.000000000000000,0
103,Mississippi,Pool 26,2011,0,0,0,0,0,0,0,6,0.307692308000000,0,0.230769231000000,0,0,0,8.641025641000001,0.435897436000000,0,0,0,0,0,0,0,0.000000000000000,0,0,0,4.769230769000000,0,0,0,0,0,2.858974359000000,0.000000000000000,0,0,11.820512819999999,1.038461539000000,0,0,0,2.717948718000000,0.038461539000000,0,0,0,4.743589744000000,0,0,0,0,0,0,0,27.076923080000000,0,0,0,0,0,0,0,0,1,0.128205128000000,0,0,0.064102564000000,0.102564103000000,0,0,0,0.628205128000000,0,0,0,0,0,0,0,0,0,0,0,0.064102564000000,0,0,0,0,1.000000000000000,0,0,0,0,0,0,3.487179487000000,0.230769231000000,0,0,0,0.756410256000000,0,1.230769231000000,0,0,0.974358974000000,0,0,0,0,0,0,0,0,0,0.064102564000000,2,0,0,0,0.128205128000000,0,0,0,0,0,1,0,1.358974359000000,0.012820513000000,0,0,0,0.000000000000000,0
104,Mississippi,Pool 26,2012,0,0,0,0,0,0,0,10,0.531645570000000,0,0.164556962000000,0,0,0,10.050632909999999,0.607594937000000,0,0,0,0,0,0,0,0.000000000000000,0,0,0,3.367088608000000,0,0,0,0,0,1.962025317000000,0.000000000000000,6,0,30.088607600000000,0.696202532000000,0,0,0,3.075949367000000,0.037974684000000,0,0,0,1.607594937000000,0,0,0,0,0,0,0,17.594936709999999,0,0,0,0,0,0,0,0,1,0.164556962000000,0,0,0.000000000000000,0.772151899000000,0,0,0,1.987341772000000,0,0,0,0,0,0,0,0,0,0,0,0.063291139000000,0,0,0,0,1.354430380000000,0,2,0,0,0,0,6.405063291000000,0.037974684000000,0,0,0,0.202531646000000,0,1.405063291000000,0,0,1.088607595000000,0,0,0,0,0,0,0,0,0,0.075949367000000,1,0,0,0,0.000000000000000,0,0,0,0,0,0,0,0.696202532000000,0.037974684000000,0,0,0,0.000000000000000,0
105,Mississippi,Pool 26,2013,0,0,0,0,0,0,0,5,0.230769231000000,0,0.102564103000000,0,0,0,3.474358974000000,0.576923077000000,0,0,0,0,0,0,0,0.000000000000000,0,0,0,5.000000000000000,0,0,0,0,0,1.423076923000000,0.000000000000000,8,0,8.179487180000001,1.000000000000000,0,0,0,4.500000000000000,0.038461539000000,0,0,0,1.474358974000000,0,0,0,0,0,0,0,132.705128199999990,0,0,0,0,0,0,0,0,1,0.217948718000000,0,0,0.807692308000000,0.256410256000000,0,0,0,1.769230769000000,0,0,0,0,0,0,0,0,0,0,0,0.153846154000000,0,0,0,0,1.000000000000000,0,2,0,0,0,0,12.833333330000000,0.410256410000000,0,0,0,0.128205128000000,0,5.025641026000000,0,0,0.487179487000000,0,0,0,0,0,0,0,0,0,0.205128205000000,15,0,0,0,0.038461539000000,0,0,0,0,0,0,0,2.038461539000000,0.115384615000000,0,0,0,0.012820513000000,0